Date,Close,close_predicted
2016-07-07,-1.4068315306867396,-1.4100304
2016-07-08,-1.3827313748978187,-1.4076418
2016-07-11,-1.3731213095392596,-1.4117453
2016-07-12,-1.3628181349041772,-1.4149144
2016-07-13,-1.3679697222217184,-1.4183416
2016-07-14,-1.359429862331326,-1.416403
2016-07-15,-1.3607773703853856,-1.406547
2016-07-18,-1.3528826364153586,-1.3986388
2016-07-19,-1.3587335149142035,-1.3951224
2016-07-20,-1.3425882930728208,-1.3921667
2016-07-21,-1.3474204819766742,-1.3934344
2016-07-22,-1.3395045529045406,-1.3943883
2016-07-25,-1.3402672822039547,-1.395269
2016-07-26,-1.336523402917984,-1.4002117
2016-07-27,-1.327552428763218,-1.4044954
2016-07-28,-1.3229795854837505,-1.4075632
2016-07-29,-1.3208243085383002,-1.411388
2016-08-01,-1.3141714014882186,-1.4191941
2016-08-02,-1.3281794505338673,-1.4262649
2016-08-03,-1.3215446476335015,-1.4266909
2016-08-04,-1.3195823344301456,-1.4293774
2016-08-05,-1.303042206623821,-1.4329555
2016-08-08,-1.3054477035246945,-1.4355588
2016-08-09,-1.3017279631050118,-1.435665
2016-08-10,-1.3080280600179464,-1.4342065
2016-08-11,-1.3008477776147576,-1.4289488
2016-08-12,-1.299494234844126,-1.4282595
2016-08-15,-1.2907132806672728,-1.4302998
2016-08-16,-1.3012366488631275,-1.4335284
2016-08-17,-1.3007693262993218,-1.4320726
2016-08-18,-1.2973058405516344,-1.4339851
2016-08-19,-1.2978393978095226,-1.4339994
2016-08-22,-1.2959643672141468,-1.4351915
2016-08-23,-1.291298059421918,-1.4325396
2016-08-24,-1.3040762037925562,-1.4303856
2016-08-25,-1.3057310408271594,-1.4226043
2016-08-26,-1.3037054366939023,-1.4118474
2016-08-29,-1.2996630597199323,-1.4052212
2016-08-30,-1.302478475783073,-1.3996291
2016-08-31,-1.3054235646584067,-1.3957639
2016-09-01,-1.3012064752802677,-1.3936859
2016-09-02,-1.2943667863928727,-1.3910202
2016-09-06,-1.2865262176837844,-1.3928478
2016-09-07,-1.2841086513497668,-1.391825
2016-09-08,-1.2914789537308684,-1.3915391
2016-09-09,-1.3317424355108878,-1.389851
2016-09-12,-1.3058245053399204,-1.3904196
2016-09-13,-1.3228981904041333,-1.3984953
2016-09-14,-1.3173154888222185,-1.4087307
2016-09-15,-1.294430077322774,-1.4156853
2016-09-16,-1.2959734928831093,-1.4196122
2016-09-19,-1.2988492561119698,-1.4198744
2016-09-20,-1.296944051933734,-1.4228692
2016-09-21,-1.2807174350127342,-1.421866
2016-09-22,-1.2673515681232692,-1.4198956
2016-09-23,-1.2775312518509394,-1.4193244
2016-09-26,-1.292078745682839,-1.4118111
2016-09-27,-1.2775433212840834,-1.425398
2016-09-28,-1.2736728601383103,-1.4400061
2016-09-29,-1.2885640384383945,-1.4434798
2016-09-30,-1.2756472427748102,-1.438527
2016-10-03,-1.279002250812411,-1.428646
2016-10-04,-1.2823813977162999,-1.4181943
2016-10-05,-1.2744354422495154,-1.4151587
2016-10-06,-1.2771996368158989,-1.4128715
2016-10-07,-1.2815555246751935,-1.4110464
2016-10-10,-1.2706222373170715,-1.4029425
2016-10-11,-1.2953042280964562,-1.3923379
2016-10-12,-1.2976464340674285,-1.3816676
2016-10-13,-1.3053904473113653,-1.377817
2016-10-14,-1.305140227355942,-1.3734872
2016-10-17,-1.3094629978681953,-1.3721231
2016-10-18,-1.296193539255673,-1.3683736
2016-10-19,-1.2954187405231148,-1.3683109
2016-10-20,-1.2967993659242156,-1.3615657
2016-10-21,-1.2921059755015176,-1.3585606
2016-10-24,-1.2763013471759288,-1.3538156
2016-10-25,-1.2842684977448198,-1.3512135
2016-10-26,-1.2942552177303959,-1.348466
2016-10-27,-1.3045946006649098,-1.342886
2016-10-28,-1.3123929263579945,-1.3370543
2016-10-31,-1.3126822983770312,-1.332661
2016-11-01,-1.3234015740791616,-1.3275234
2016-11-02,-1.3378738547362252,-1.3310064
2016-11-03,-1.3520897335330844,-1.3317701
2016-11-04,-1.3557191003923967,-1.330915
2016-11-07,-1.3196064732964337,-1.3222617
2016-11-08,-1.3113709986224034,-1.3166211
2016-11-09,-1.2940141234439348,-1.312143
2016-11-10,-1.306756059515141,-1.3130172
2016-11-11,-1.2982222343413206,-1.3115449
2016-11-14,-1.3038621921365645,-1.3097736
2016-11-15,-1.2866136474799734,-1.3044913
2016-11-16,-1.2808983293216842,-1.3055034
2016-11-17,-1.2690245093075885,-1.3070574
2016-11-18,-1.2727806052149122,-1.3066598
2016-11-21,-1.2585073230165147,-1.3062245
2016-11-22,-1.253235041367534,-1.3049098
2016-11-23,-1.254944190851285,-1.3017437
2016-11-25,-1.249445975301378,-1.3054193
2016-11-28,-1.25852233621384,-1.3096503
2016-11-29,-1.2551733628928112,-1.3114067
2016-11-30,-1.2721263536255845,-1.3099104
2016-12-01,-1.2940020540107908,-1.3094264
2016-12-02,-1.2926334980428338,-1.3105356
2016-12-05,-1.2765846844783935,-1.3096266
2016-12-06,-1.2693169722790156,-1.3056632
2016-12-07,-1.2510014602948574,-1.2991484
2016-12-08,-1.2438874125857513,-1.2937952
2016-12-09,-1.2357062503608687,-1.294505
2016-12-12,-1.245340307397507,-1.314873
2016-12-13,-1.2298793635401026,-1.3187903
2016-12-14,-1.238066560481557,-1.3256899
2016-12-15,-1.2319834189887955,-1.3266233
2016-12-16,-1.2379187835196481,-1.3150868
2016-12-19,-1.2318056156322357,-1.3064594
2016-12-20,-1.2238174171494474,-1.3034291
2016-12-21,-1.2275883790658875,-1.3025509
2016-12-22,-1.2348260648706146,-1.2955884
2016-12-23,-1.230223048008287,-1.2844387
2016-12-27,-1.222762372066815,-1.2818671
2016-12-28,-1.237496794924237,-1.2889347
2016-12-29,-1.239447185882658,-1.288644
2016-12-30,-1.2542086913705492,-1.2854214
2017-01-03,-1.2403544540033815,-1.2893991
2017-01-04,-1.2259094031649964,-1.2868518
2017-01-05,-1.2226116513407246,-1.2857801
2017-01-06,-1.21262787511933,-1.2868735
2017-01-09,-1.209384435744206,-1.2843082
2017-01-10,-1.2033556067005924,-1.2834413
2017-01-11,-1.1997895307711814,-1.2852062
2017-01-12,-1.204660724550439,-1.2817494
2017-01-13,-1.1966333740040376,-1.290212
2017-01-17,-1.2073014282094108,-1.2983302
2017-01-18,-1.2022010623886268,-1.3066332
2017-01-19,-1.206894452811325,-1.3109827
2017-01-20,-1.2022974706655694,-1.3142679
2017-01-23,-1.2030179569489798,-1.3094413
2017-01-24,-1.1885427325277347,-1.3045769
2017-01-25,-1.1718489402311383,-1.3023523
2017-01-26,-1.1721985122276857,-1.2997471
2017-01-27,-1.170510557846041,-1.2912673
2017-01-30,-1.1846993540124309,-1.289125
2017-01-31,-1.1843737736939624,-1.2938125
2017-02-01,-1.1759756560489067,-1.3029377
2017-02-02,-1.1779198651025469,-1.3127702
2017-02-03,-1.1687048528971384,-1.3184543
2017-02-06,-1.1696755591359722,-1.3252847
2017-02-07,-1.1664590552031087,-1.3354625
2017-02-08,-1.1639781979391899,-1.3481637
2017-02-09,-1.1541120250968444,-1.3574452
2017-02-10,-1.1483997978909457,-1.3454403
2017-02-13,-1.1394077758222823,-1.3300979
2017-02-14,-1.1337979916098981,-1.3122315
2017-02-15,-1.122683809942826,-1.3079759
2017-02-16,-1.124052365910783,-1.3052902
2017-02-17,-1.116914179335389,-1.3077313
2017-02-21,-1.1086636914640333,-1.3024614
2017-02-22,-1.1102674541900883,-1.2952241
2017-02-23,-1.1178396987940376,-1.2848637
2017-02-24,-1.1148854842497413,-1.2801111
2017-02-27,-1.1098846176582906,-1.2721298
2017-02-28,-1.1208751612297418,-1.2649089
2017-03-01,-1.0971849246030883,-1.2618408
2017-03-02,-1.1100895036453196,-1.2585168
2017-03-03,-1.1072168313688497,-1.2609963
2017-03-06,-1.113718870504632,-1.2620038
2017-03-07,-1.1183158526503874,-1.2701722
2017-03-08,-1.1172247464565321,-1.286076
2017-03-09,-1.1168448536889157,-1.2958552
2017-03-10,-1.1099358391550478,-1.29247
2017-03-13,-1.1057006456271927,-1.2838026
2017-03-14,-1.111415963785482,-1.2687247
2017-03-15,-1.098384655695239,-1.2557192
2017-03-16,-1.0981706440392476,-1.245469
2017-03-17,-1.0980982274403839,-1.2455138
2017-03-20,-1.09793852823354,-1.2409832
2017-03-21,-1.1304036843204748,-1.2417594
2017-03-22,-1.1220205798727447,-1.2402251
2017-03-23,-1.1232113324841422,-1.24165
2017-03-24,-1.11988031612462,-1.2399845
2017-03-27,-1.1163745873609288,-1.2346137
2017-03-28,-1.1058934621810779,-1.2324198
2017-03-29,-1.0991382593256909,-1.235126
2017-03-30,-1.0940770455685203,-1.2356567
2017-03-31,-1.0948606755936228,-1.2321601
2017-04-03,-1.1000032844304104,-1.2361194
2017-04-04,-1.0988187137237941,-1.2405624
2017-04-05,-1.109106875161551,-1.2501937
2017-04-06,-1.1047449525856843,-1.2500767
2017-04-07,-1.1050886370538688,-1.2411273
2017-04-10,-1.104148104397895,-1.2322465
2017-04-11,-1.1084165624610005,-1.2224267
2017-04-12,-1.1176436440995527,-1.2156211
2017-04-13,-1.1269914200695448,-1.2100518
2017-04-17,-1.1114249422662354,-1.2059301
2017-04-18,-1.1136314407084427,-1.2064112
2017-04-19,-1.1095440241424965,-1.2038994
2017-04-20,-1.0933415460877844,-1.2069994
2017-04-21,-1.0952284989280952,-1.2072762
2017-04-24,-1.0731328993585343,-1.2090707
2017-04-25,-1.0605717104080694,-1.2079681
2017-04-26,-1.0606501617235051,-1.2069999
2017-04-27,-1.0535029966673577,-1.1994892
2017-04-28,-1.0539039373488714,-1.186041
2017-05-01,-1.0406434572171024,-1.1774493
2017-05-02,-1.0395070170548528,-1.173009
2017-05-03,-1.04638600519407,-1.178673
2017-05-04,-1.0455449717674292,-1.1840926
2017-05-05,-1.0378823536031094,-1.1832603
2017-05-08,-1.037309497093399,-1.1820887
2017-05-09,-1.031904746056253,-1.1764798
2017-05-10,-1.0293273333271826,-1.1728086
2017-05-11,-1.0333003846546793,-1.1696155
2017-05-12,-1.0317117823141588,-1.1669723
2017-05-15,-1.0231388050767252,-1.1610254
2017-05-16,-1.0170496288673916,-1.1543756
2017-05-17,-1.0648672511016442,-1.1462033
2017-05-18,-1.0516370917409443,-1.1387825
2017-05-19,-1.043024815251688,-1.1296198
2017-05-22,-1.0279768815089416,-1.1250712
2017-05-23,-1.0264425916175688,-1.1201768
2017-05-24,-1.019114532252471,-1.1136471
2017-05-25,-1.0063817218502273,-1.1105227
2017-05-26,-1.0048955625032214,-1.1131443
2017-05-30,-1.0070056526684863,-1.1144265
2017-05-31,-1.0084133607000565,-1.1124896
2017-06-01,-0.9938507064826223,-1.115848
2017-06-02,-0.9760747864729241,-1.1069933
2017-06-05,-0.9791252621059537,-1.1059105
2017-06-06,-0.9853410201750897,-1.1051925
2017-06-07,-0.9786128999501721,-1.1083508
2017-06-08,-0.971263792671177,-1.1131918
2017-06-09,-1.0055798404871998,-1.1156977
2017-06-12,-1.0153646182499283,-1.116262
2017-06-13,-1.0018268355322666,-1.1125429
2017-06-14,-1.0095075578463022,-1.1073906
2017-06-15,-1.0183669633385912,-1.106962
2017-06-16,-1.0225088395418944,-1.1014693
2017-06-19,-0.9962080728391292,-1.097584
2017-06-20,-1.0115755521837724,-1.0957094
2017-06-21,-0.9977332370615394,-1.0951525
2017-06-22,-0.9969073640204331,-1.11104
2017-06-23,-0.9882981784835674,-1.1190909
2017-06-26,-0.9937542982056798,-1.1226859
2017-06-27,-1.0240581426305926,-1.1214455
2017-06-28,-0.997594585768593,-1.1175549
2017-06-29,-1.024742420614571,-1.1095747
2017-06-30,-1.0259271385093964,-1.1011778
2017-07-03,-1.0350788597849037,-1.0942208
2017-07-05,-1.022780107411215,-1.0914171
2017-07-06,-1.0412885831374676,-1.0935849
2017-07-07,-1.022110842624562,-1.0955074
2017-07-10,-1.0150842247116452,-1.1016421
2017-07-11,-1.0099869498432517,-1.1035669
2017-07-12,-0.9895280831585781,-1.1037866
2017-07-13,-0.9855279492006119,-1.1027539
2017-07-14,-0.9740640483487835,-1.1038462
2017-07-17,-0.9734732348775659,-1.1093497
2017-07-18,-0.9644661996115771,-1.1179175
2017-07-19,-0.9521884951517859,-1.1157806
2017-07-20,-0.9506933573240263,-1.1133628
2017-07-21,-0.951371600591433,-1.1095324
2017-07-24,-0.9444203430415613,-1.0992814
2017-07-25,-0.944010423879294,-1.0934235
2017-07-26,-0.9408211497651088,-1.0804273
2017-07-27,-0.9530476327281427,-1.0660858
2017-07-28,-0.9553113873836794,-1.0581263
2017-07-31,-0.9633176900161835,-1.0519058
2017-08-01,-0.9588503806826209,-1.0495702
2017-08-02,-0.9589378104788101,-1.0427363
2017-08-03,-0.9656629869395464,-1.0375724
2017-08-04,-0.962280749083267,-1.0383198
2017-08-07,-0.9525713316835839,-1.0395281
2017-08-08,-0.9565835350746938,-1.0366997
2017-08-09,-0.9620486332775596,-1.0339351
2017-08-10,-1.0028818806148991,-1.0295762
2017-08-11,-0.9909176870404326,-1.0256004
2017-08-14,-0.9656961042865876,-1.0254837
2017-08-15,-0.9678725763341443,-1.0255628
2017-08-16,-0.9642251053251162,-1.0216373
2017-08-17,-1.0013626039208516,-1.0156864
2017-08-18,-1.0029844707966227,-1.0350949
2017-08-21,-1.0040093422963952,-1.044399
2017-08-22,-0.9785827263673123,-1.0437864
2017-08-23,-0.9843311618726426,-1.0333905
2017-08-24,-0.9864653909041955,-1.0243151
2017-08-25,-0.9881805751045185,-1.0159112
2017-08-28,-0.9829415579907883,-1.0057725
2017-08-29,-0.9772533224629685,-0.99968505
2017-08-30,-0.9572316047592405,-0.9985314
2017-08-31,-0.9390395836824941,-0.99992186
2017-09-01,-0.9370289927465624,-0.99428517
2017-09-05,-0.9550432104667489,-0.98105323
2017-09-06,-0.9496955684547231,-0.973556
2017-09-07,-0.9483209777701942,-0.9736466
2017-09-08,-0.9596793446761179,-0.9723548
2017-09-11,-0.9379545122052109,-0.96809685
2017-09-12,-0.9313167655406637,-0.98195356
2017-09-13,-0.9295351994580487,-0.9976902
2017-09-14,-0.9389130018226918,-1.0002273
2017-09-15,-0.9330680108522094,-1.0022354
2017-09-18,-0.9312081406423681,-1.0066842
2017-09-19,-0.9291946059422549,-1.0113734
2017-09-20,-0.9307861520469568,-1.0011859
2017-09-21,-0.9408392539148249,-1.0001535
2017-09-22,-0.9395641624596287,-0.99440044
2017-09-25,-0.9565443830110805,-0.99041617
2017-09-26,-0.9536594941132573,-0.9845614
2017-09-27,-0.9316242417094164,-0.9839514
2017-09-28,-0.931566838307878,-0.9996269
2017-09-29,-0.9187526328260172,-0.9986956
2017-10-02,-0.9124946317408774,-1.0082939
2017-10-03,-0.9079761009105576,-1.0153894
2017-10-04,-0.9070959154203033,-1.0231308
2017-10-05,-0.8918037964387053,-1.021173
2017-10-06,-0.8903507544387407,-1.0269189
2017-10-09,-0.8935008764893125,-1.0219277
2017-10-10,-0.8912340308813853,-1.0138173
2017-10-11,-0.8863205940861237,-1.0061281
2017-10-12,-0.8899499609454361,-0.9922258
2017-10-13,-0.8856423508187171,-0.9818577
2017-10-16,-0.880156057513745,-0.9716133
2017-10-17,-0.8802585005072595,-0.9663363
2017-10-18,-0.8800896756314532,-0.96040165
2017-10-19,-0.8858623971912807,-0.9513076
2017-10-20,-0.8786338370555161,-0.94505847
2017-10-23,-0.8913606127411878,-0.9425782
2017-10-24,-0.88786386245825,-0.9387245
2017-10-25,-0.8982756619916277,-0.9363031
2017-10-26,-0.9004219604563244,-0.93362814
2017-10-27,-0.8568667615686052,-0.938189
2017-10-30,-0.8575600180333371,-0.9431827
2017-10-31,-0.8489056457162864,-0.95001334
2017-11-01,-0.8522637447062777,-0.95164126
2017-11-02,-0.8527429895150181,-0.9512576
2017-11-03,-0.837821637632074,-0.9536148
2017-11-06,-0.8311899256840988,-0.95365226
2017-11-07,-0.8368148702820174,-0.94848907
2017-11-08,-0.8303820096044993,-0.94660884
2017-11-09,-0.8421594213416527,-0.94892144
2017-11-10,-0.8418910972365133,-0.9713988
2017-11-13,-0.839883450064763,-0.98187244
2017-11-14,-0.8458308840287596,-0.9728815
2017-11-15,-0.8553745675050272,-0.96421266
2017-11-16,-0.8291250222990193,-0.95701396
2017-11-17,-0.8322901575469165,-0.97205657
2017-11-20,-0.8299027647957589,-0.9859961
2017-11-21,-0.8082683058852225,-0.99450475
2017-11-22,-0.8067973069237508,-0.9850499
2017-11-24,-0.8002257949532864,-0.97839415
2017-11-27,-0.8034331732171874,-0.9758395
2017-11-28,-0.7932324415756198,-0.97657216
2017-11-29,-0.819750163698558,-0.9755744
2017-11-30,-0.8048046729493259,-0.97210824
2017-12-01,-0.8127568103208914,-0.95976305
2017-12-04,-0.8345268295719838,-0.94221634
2017-12-05,-0.8384938461829086,-0.9307214
2017-12-06,-0.8342224443556217,-0.9350918
2017-12-07,-0.8232319007841704,-0.93867767
2017-12-08,-0.815020564976428,-0.94034004
2017-12-11,-0.8044701141501039,-0.94620687
2017-12-12,-0.8083165836177982,-0.93901354
2017-12-13,-0.8042531587299309,-0.92900884
2017-12-14,-0.8100619414009812,-0.92176723
2017-12-15,-0.7859314648409915,-0.923249
2017-12-18,-0.7683936953535727,-0.9232941
2017-12-19,-0.7777111505524957,-0.922491
2017-12-20,-0.7785823575619965,-0.9207914
2017-12-21,-0.7772560446100433,-0.9203593
2017-12-22,-0.7788837990141771,-0.9253454
2017-12-26,-0.7860309640703246,-0.92852634
2017-12-27,-0.7850995570833131,-0.93837845
2017-12-28,-0.7818378663702643,-0.94334614
2017-12-29,-0.7959362889762835,-0.93395895
2018-01-02,-0.7647341549114006,-0.9255691
2018-01-03,-0.747060677895217,-0.9144952
2018-01-04,-0.7433287208541811,-0.905237
2018-01-05,-0.7256492091214255,-0.89878166
2018-01-08,-0.7193701601223883,-0.8959083
2018-01-09,-0.7175042551959748,-0.8877389
2018-01-10,-0.7205217606701723,-0.881752
2018-01-11,-0.7029748655137911,-0.8805093
2018-01-12,-0.6881197483249296,-0.8798125
2018-01-16,-0.6993846507180923,-0.877233
2018-01-17,-0.6769001799001613,-0.8772446
2018-01-18,-0.677572388450996,-0.87543976
2018-01-19,-0.6654152311344352,-0.87131894
2018-01-22,-0.6438169805233306,-0.8686166
2018-01-23,-0.628063573694499,-0.86734223
2018-01-24,-0.6416977646891032,-0.8699778
2018-01-25,-0.6428733569149662,-0.86859775
2018-01-26,-0.6143540223368497,-0.87354356
2018-01-29,-0.6261886902873323,-0.8755017
2018-01-30,-0.6454899217076498,-0.88125217
2018-01-31,-0.6427769486380237,-0.8859598
2018-02-01,-0.6504999139680631,-0.86616087
2018-02-02,-0.6941816947155848,-0.8507669
2018-02-05,-0.7766019402089246,-0.8386042
2018-02-06,-0.7318830713402774,-0.8352017
2018-02-07,-0.7511451506969817,-0.8361272
2018-02-08,-0.8339872375975236,-0.8304194
2018-02-09,-0.8046479175066636,-0.8227133
2018-02-12,-0.772252087066202,-0.8208009
2018-02-13,-0.7627416681251848,-0.8177262
2018-02-14,-0.7235210148064447,-0.82199925
2018-02-15,-0.6895153869233559,-0.82560843
2018-02-16,-0.6946278221772837,-0.82641834
2018-02-20,-0.696183307170763,-0.82905656
2018-02-21,-0.7010305092719419,-0.8354254
2018-02-22,-0.7034842839053913,-0.82606506
2018-02-23,-0.665110698729864,-0.8196555
2018-02-26,-0.6397685688327887,-0.8153179
2018-02-27,-0.6672328583282727,-0.80301815
2018-02-28,-0.6845176112842959,-0.7945716
2018-03-01,-0.7123857852254751,-0.78776574
2018-03-02,-0.689081328894801,-0.78655887
2018-03-05,-0.6671243806181865,-0.7822956
2018-03-06,-0.6546749075184075,-0.7928839
2018-03-07,-0.6472473489239767,-0.7939008
2018-03-08,-0.6378121431577956,-0.79663193
2018-03-09,-0.5977626730337678,-0.8086468
2018-03-12,-0.5894700893346172,-0.81856245
2018-03-13,-0.6127745456652915,-0.82120967
2018-03-14,-0.617054925973332,-0.8152796
2018-03-15,-0.6215975956699398,-0.80588937
2018-03-16,-0.6215222353068944,-0.79483485
2018-03-19,-0.6630457953447846,-0.7908778
2018-03-20,-0.6569990093396638,-0.7886675
2018-03-21,-0.6627293406952786,-0.79130787
2018-03-22,-0.7165697572565729,-0.7818568
2018-03-23,-0.7690236608884035,-0.76577437
2018-03-26,-0.7003341618548197,-0.7604069
2018-03-27,-0.7641583546375086,-0.7603327
2018-03-28,-0.7821182599085476,-0.7613517
2018-03-29,-0.7476875524776572,-0.763192
2018-04-02,-0.8059652519778634,-0.76779443
2018-04-03,-0.7845147783286677,-0.77009624
2018-04-04,-0.7541204131551753,-0.7690692
2018-04-05,-0.7437387872046574,-0.7746754
2018-04-06,-0.7924034775821229,-0.76315314
2018-04-09,-0.7817837011093255,-0.74489194
2018-04-10,-0.7383882014284502,-0.7318054
2018-04-11,-0.7460056328125846,-0.7174072
2018-04-12,-0.7245369078254639,-0.7072677
2018-04-13,-0.7346653700563768,-0.7024608
2018-04-16,-0.7197048661098193,-0.7030658
2018-04-17,-0.6820788498481718,-0.6958447
2018-04-18,-0.6778164265016383,-0.68304175
2018-04-19,-0.6950529017250855,-0.6808005
2018-04-20,-0.7227644674118116,-0.67025316
2018-04-23,-0.728048671305727,-0.6639462
2018-04-24,-0.7645984473826357,-0.65527135
2018-04-25,-0.7656866098123094,-0.63947815
2018-04-26,-0.731038946961246,-0.6219232
2018-04-27,-0.7307014443978426,-0.6197868
2018-04-30,-0.7468375405702629,-0.6227951
2018-05-01,-0.7274156148185058,-0.6112531
2018-05-02,-0.7363986584064158,-0.6086615
2018-05-03,-0.7402420369217195,-0.61869115
2018-05-04,-0.7036258789625192,-0.62516135
2018-05-07,-0.6868687957360216,-0.6319366
2018-05-08,-0.6863593773444212,-0.6575369
2018-05-09,-0.6643510603828404,-0.71594656
2018-05-10,-0.6447392618413796,-0.72975093
2018-05-11,-0.6453693745644193,-0.7372778
2018-05-14,-0.6428252263705995,-0.7790398
2018-05-15,-0.6608182489886798,-0.79198325
2018-05-16,-0.6467499999655205,-0.77716833
2018-05-17,-0.6515216945154453,-0.75776106
2018-05-18,-0.6600013544283269,-0.72622985
2018-05-21,-0.6480340699014697,-0.6908601
2018-05-22,-0.6527305512765585,-0.6754616
2018-05-23,-0.6384120822979755,-0.67368263
2018-05-24,-0.638873222957,-0.67951125
2018-05-25,-0.6360336680275714,-0.68596655
2018-05-29,-0.6472654530736925,-0.6696852
2018-05-30,-0.627412413057562,-0.643122
2018-05-31,-0.6335407413305089,-0.6408449
2018-06-01,-0.5997160077563701,-0.6536036
2018-06-04,-0.5840019001793613,-0.67852616
2018-06-05,-0.5745366680185291,-0.68218654
2018-06-06,-0.5590484943424465,-0.6680897
2018-06-07,-0.5753777014451702,-0.6495759
2018-06-08,-0.5722306703469887,-0.6348825
2018-06-11,-0.5678837609684477,-0.6237748
2018-06-12,-0.5546625800885012,-0.5988907
2018-06-13,-0.557101194336416,-0.57975715
2018-06-14,-0.5374050569511565,-0.5835803
2018-06-15,-0.5418242357403524,-0.59309417
2018-06-18,-0.5416283282340768,-0.602283
2018-06-19,-0.5480912153062457,-0.60670084
2018-06-20,-0.5312346328504151,-0.6289424
2018-06-21,-0.5519013292862991,-0.64003414
2018-06-22,-0.5579694575817352,-0.64632446
2018-06-25,-0.6064442751694971,-0.67538977
2018-06-26,-0.5975155440307349,-0.7209035
2018-06-27,-0.6326484864071107,-0.71284926
2018-06-28,-0.6149839878716804,-0.7297881
2018-06-29,-0.6129885573212831,-0.7504378
2018-07-02,-0.5956887911679348,-0.74495614
2018-07-03,-0.6152885202762517,-0.7661347
2018-07-05,-0.5900397077037283,-0.7709378
2018-07-06,-0.559304749014442,-0.75543296
2018-07-09,-0.5388639864794841,-0.737446
2018-07-10,-0.5379596621229421,-0.7518004
2018-07-11,-0.5507981536592998,-0.7610059
2018-07-12,-0.518450453763205,-0.7442097
2018-07-13,-0.5178294667091277,-0.7337328
2018-07-16,-0.5239365998799681,-0.71791685
2018-07-17,-0.5090454215798838,-0.71427107
2018-07-18,-0.509250454755122,-0.7077046
2018-07-19,-0.5180344998843658,-0.6852888
2018-07-20,-0.5195717335399201,-0.6684213
2018-07-23,-0.5130395208212781,-0.6695899
2018-07-24,-0.5133711358563186,-0.6886144
2018-07-25,-0.4857982214625388,-0.705461
2018-07-26,-0.50993164178671,-0.7323661
2018-07-27,-0.5445251393768347,-0.7479779
2018-07-30,-0.5769059566199708,-0.7355771
2018-07-31,-0.5643087065582831,-0.72219324
2018-08-01,-0.5536075350058687,-0.72235614
2018-08-02,-0.5248500499054728,-0.71582675
2018-08-03,-0.522040668558904,-0.7165925
2018-08-06,-0.5076708308953548,-0.72057515
2018-08-07,-0.5004422707595902,-0.70501685
2018-08-08,-0.4990345627280199,-0.68452764
2018-08-09,-0.4979946780309219,-0.6723595
2018-08-10,-0.5138715757671655,-0.6568787
2018-08-13,-0.5197195105018291,-0.63898116
2018-08-14,-0.504291683991466,-0.63005155
2018-08-15,-0.5334621792065198,-0.62633634
2018-08-16,-0.5236955055935072,-0.6353258
2018-08-17,-0.5207383472850295,-0.635441
2018-08-20,-0.5193276954892777,-0.6362726
2018-08-21,-0.5078246425738356,-0.64062786
2018-08-22,-0.4988024469223123,-0.6371312
2018-08-23,-0.5020098251862134,-0.6361165
2018-08-24,-0.481656492447445,-0.62843025
2018-08-27,-0.45997684675672323,-0.623512
2018-08-28,-0.4563173063145512,-0.62008965
2018-08-29,-0.43230752408600087,-0.62476605
2018-08-30,-0.4387372938111284,-0.61869866
2018-08-31,-0.4323527108661861,-0.6168283
2018-09-04,-0.43786608680162764,-0.5987968
2018-09-05,-0.4668286050772618,-0.5782947
2018-09-06,-0.488665006210646,-0.5623246
2018-09-07,-0.4947510914675889,-0.5475201
2018-09-10,-0.4882338919462722,-0.54961485
2018-09-11,-0.4736712377288382,-0.5528902
2018-09-12,-0.4791696004669542,-0.5530206
2018-09-13,-0.46123986877877515,-0.5452767
2018-09-14,-0.46234613535816493,-0.5407038
2018-09-17,-0.4967858212698087,-0.5283276
2018-09-18,-0.47860292586202474,-0.52306354
2018-09-19,-0.4804326224890063,-0.5217782
2018-09-20,-0.4568629330055831,-0.5257639
2018-09-21,-0.4693034276246086,-0.52007246
2018-09-24,-0.4674073491153353,-0.5262844
2018-09-25,-0.46312078690251396,-0.5346546
2018-09-26,-0.4682754651724455,-0.5650234
2018-09-27,-0.4527210568022802,-0.5798031
2018-09-28,-0.45140077856689886,-0.6024552
2018-10-01,-0.4541289120220596,-0.6050603
2018-10-02,-0.4655083268418804,-0.60078907
2018-10-03,-0.457809500378129,-0.58732414
2018-10-04,-0.5016933705367074,-0.5888576
2018-10-05,-0.529142499646657,-0.5796875
2018-10-08,-0.5449681758861432,-0.5575651
2018-10-09,-0.5443442450678845,-0.53302324
2018-10-10,-0.6395907654762291,-0.5198647
2018-10-11,-0.6676217295766426,-0.5230126
2018-10-12,-0.617030787107044,-0.51162153
2018-10-15,-0.6369711097311549,-0.5032272
2018-10-16,-0.5722365578753517,-0.5024478
2018-10-17,-0.5730775913019927,-0.4957325
2018-10-18,-0.6205727241701671,-0.49152017
2018-10-19,-0.6314578809839225,-0.49447116
2018-10-22,-0.625549599083539,-0.49827656
2018-10-23,-0.6349213667316098,-0.4969843
2018-10-24,-0.7341378475150606,-0.49535382
2018-10-25,-0.6708532467068316,-0.47946215
2018-10-26,-0.7164100580497291,-0.48161227
2018-10-29,-0.751654569088582,-0.50461113
2018-10-30,-0.7180860901864389,-0.5380538
2018-10-31,-0.6746031607093743,-0.55049443
2018-11-01,-0.6359703770976703,-0.5462374
2018-11-02,-0.6592024168294809,-0.5240239
2018-11-05,-0.6676850205065439,-0.507108
2018-11-06,-0.6534841549070102,-0.49213538
2018-11-07,-0.5947663626616768,-0.48219314
2018-11-08,-0.6067848686852911,-0.47828555
2018-11-09,-0.6441575740391247,-0.47756305
2018-11-12,-0.7062634916691002,-0.4866506
2018-11-13,-0.7062634916691002,-0.4962922
2018-11-14,-0.7257004306181828,-0.492946
2018-11-15,-0.6887317568982536,-0.50384605
2018-11-16,-0.6920957434166077,-0.5062896
2018-11-19,-0.7582290248232278,-0.50439274
2018-11-20,-0.7942995560913961,-0.50144726
2018-11-21,-0.7751790717918198,-0.49348608
2018-11-23,-0.7852080347933996,-0.48378697
2018-11-26,-0.7421410591951743,-0.48045006
2018-11-27,-0.7418848045231788,-0.46943167
2018-11-28,-0.6789168055526652,-0.45116374
2018-11-29,-0.6844964161821893,-0.43871766
2018-11-30,-0.6671756021149436,-0.42092553
2018-12-03,-0.6337247265918495,-0.41514203
2018-12-04,-0.7190566492370636,-0.41151482
2018-12-06,-0.7100647743566093,-0.41370934
2018-12-07,-0.7760833961483617,-0.4317254
2018-12-10,-0.7606284870075295,-0.4554988
2018-12-11,-0.7572191665207808,-0.47161126
2018-12-12,-0.7371793446673369,-0.4739512
2018-12-13,-0.7456136706118243,-0.46354958
2018-12-14,-0.7937448037314015,-0.4580806
2018-12-17,-0.8410500638098725,-0.44654423
2018-12-18,-0.8319525077953039,-0.44078964
2018-12-19,-0.8762885401321533,-0.45797414
2018-12-20,-0.9089707988274703,-0.4617561
2018-12-21,-0.9678784638625072,-0.46242955
2018-12-24,-1.0101014622699103,-0.44874287
2018-12-26,-0.9011484814563067,-0.4455154
2018-12-27,-0.8935731458999671,-0.44476187
2018-12-28,-0.8920569601583103,-0.4431086
2018-12-31,-0.8767558626959588,-0.44510505
2019-01-02,-0.867513620671872,-0.43840277
2019-01-03,-0.9285374105887456,-0.4326734
2019-01-04,-0.8455325335289695,-0.43132788
2019-01-07,-0.8200274662844508,-0.43785283
2019-01-08,-0.7978625410684167,-0.43869925
2019-01-09,-0.7797519150712874,-0.46175694
2019-01-10,-0.7710132039104378,-0.49194005
2019-01-11,-0.7754111875975273,-0.5169284
2019-01-14,-0.7951737068650784,-0.52741885
2019-01-15,-0.7596306981382263,-0.57900214
2019-01-16,-0.7563570851802426,-0.6265408
2019-01-17,-0.7413543382176813,-0.62371176
2019-01-18,-0.7194184378549641,-0.62115514
2019-01-22,-0.7606767647401053,-0.58391005
2019-01-23,-0.7590459193835808,-0.5587224
2019-01-24,-0.7446701941916688,-0.5736281
2019-01-25,-0.7171184748999956,-0.59651995
2019-01-28,-0.7409865148832088,-0.6083402
2019-01-29,-0.7582862810365572,-0.6168071
2019-01-30,-0.7116261468784514,-0.6706074
2019-01-31,-0.6818858861060776,-0.6738825
2019-02-01,-0.6872726801817167,-0.6890844
2019-02-04,-0.6620510974278718,-0.71495086
2019-02-05,-0.6456104688508805,-0.7130167
2019-02-06,-0.6536891880822483,-0.68405807
2019-02-07,-0.6798933993198617,-0.6429013
2019-02-08,-0.6769241715782403,-0.63132954
2019-02-11,-0.6740002778050129,-0.6368477
2019-02-12,-0.6418303812654776,-0.637851
2019-02-13,-0.6400941491512573,-0.6078739
2019-02-14,-0.6381135846099765,-0.5922576
2019-02-15,-0.624410067968899,-0.6060009
2019-02-19,-0.6200814099282828,-0.6517657
2019-02-20,-0.6193881534635509,-0.6824446
2019-02-21,-0.6282384332868773,-0.70501757
2019-02-22,-0.6077916360353478,-0.6941342
2019-02-25,-0.599676855692757,-0.68198866
2019-02-26,-0.6012323406862362,-0.7080462
2019-02-27,-0.5996618424954314,-0.74768937
2019-02-28,-0.6062875197268348,-0.76261467
2019-03-01,-0.5873508735003901,-0.7701126
2019-03-04,-0.5927105849455598,-0.74915385
2019-03-05,-0.5930753173276416,-0.7316948
2019-03-06,-0.6143088355566645,-0.6910585
2019-03-07,-0.6397685688327887,-0.6693173
2019-03-08,-0.6437837159880803,-0.6537827
2019-03-11,-0.5985916370272648,-0.6315116
2019-03-12,-0.5886531947742643,-0.6635366
2019-03-13,-0.5728635796460011,-0.6864565
2019-03-14,-0.5766315977982595,-0.7310739
2019-03-15,-0.5592626531866471,-0.74939704
2019-03-18,-0.5514401886272746,-0.7508709
2019-03-19,-0.5485854733123113,-0.7360089
2019-03-20,-0.5470722313348362,-0.72822624
2019-03-21,-0.5139167625473507,-0.74974054
2019-03-22,-0.573086716970955,-0.7911889
2019-03-25,-0.5746330762954718,-0.8132694
2019-03-26,-0.5583612725942865,-0.8426173
2019-03-27,-0.5728727053149635,-0.87461674
2019-03-28,-0.5650985184881667,-0.9211946
2019-03-29,-0.5469668445771402,-0.96905345
2019-04-01,-0.5169461902664831,-0.9400908
2019-04-02,-0.5109837431051609,-0.9036584
2019-04-03,-0.4968582378686724,-0.8795738
2019-04-04,-0.4979946780309219,-0.86268646
2019-04-05,-0.48385401240889875,-0.8528421
2019-04-08,-0.47927513441285924,-0.88156265
2019-04-09,-0.4927194526177598,-0.8635187
2019-04-10,-0.47615209499275674,-0.83199674
2019-04-11,-0.4812405385686056,-0.79948527
2019-04-12,-0.4701474048154309,-0.7739057
2019-04-15,-0.47260427040127084,-0.7583792
2019-04-16,-0.4653032936666426,-0.75574154
2019-04-17,-0.4665542462555504,-0.7677881
2019-04-18,-0.46595739806776126,-0.7597637
2019-04-22,-0.46076960245078813,-0.74988997
2019-04-23,-0.4289525160484001,-0.7359188
2019-04-24,-0.4346226474265039,-0.71667427
2019-04-25,-0.42959749478055614,-0.7266845
2019-04-26,-0.4212416201515046,-0.7372767
2019-04-29,-0.41658429084002924,-0.73660666
2019-04-30,-0.43661807797690105,-0.71975344
2019-05-01,-0.45040902441416775,-0.71916777
2019-05-02,-0.45428861122890335,-0.73054504
2019-05-03,-0.4159362211554826,-0.71601003
2019-05-06,-0.4282078908987017,-0.6883828
2019-05-07,-0.4762969281904843,-0.6734964
2019-05-08,-0.48245837381047246,-0.6556015
2019-05-09,-0.4923245466528181,-0.63844055
2019-05-10,-0.49041036399382903,-0.6345592
2019-05-13,-0.5717754172163272,-0.64921373
2019-05-14,-0.5454082686312703,-0.65942466
2019-05-15,-0.5189840110210933,-0.6624406
2019-05-16,-0.49610463423822054,-0.6451962
2019-05-17,-0.5207535076705639,-0.63064665
2019-05-20,-0.5550876596363029,-0.6222332
2019-05-21,-0.529965428923582,-0.61262256
2019-05-22,-0.5404798186386834,-0.6058998
2019-05-23,-0.5774245006805336,-0.6029902
2019-05-24,-0.5747929226905246,-0.60712683
2019-05-28,-0.5837335760742217,-0.60015947
2019-05-29,-0.6018321326382071,-0.5902217
2019-05-30,-0.5956796654989722,-0.58501875
2019-05-31,-0.6302159068757678,-0.58252865
2019-06-03,-0.6664280332010638,-0.58558214
2019-06-04,-0.6079182178951501,-0.5785044
2019-06-05,-0.5933405504803904,-0.57577014
2019-06-06,-0.5812618444792655,-0.5751482
2019-06-07,-0.5431143403928738,-0.58652306
2019-06-10,-0.5186765348523406,-0.60801977
2019-06-11,-0.5188574291612907,-0.6231305
2019-06-12,-0.5278553387583172,-0.6056972
2019-06-13,-0.5144684239549548,-0.5842025
2019-06-14,-0.5266676770993103,-0.5632704
2019-06-17,-0.5120900096845508,-0.55533
2019-06-18,-0.47927513441285924,-0.5457373
2019-06-19,-0.46919494991452204,-0.53742343
2019-06-20,-0.44989666225838604,-0.53222984
2019-06-21,-0.45581392263952275,-0.5295926
2019-06-24,-0.46365434416040224,-0.51132274
2019-06-25,-0.5001227251576936,-0.53049123
2019-06-26,-0.4925113284901312,-0.5480889
2019-06-27,-0.47509116238176147,-0.5488669
2019-06-28,-0.46349155400116776,-0.55293095
2019-07-01,-0.43789316943209716,-0.5505475
2019-07-02,-0.43248841839495106,-0.5383331
2019-07-03,-0.41405824679592523,-0.5141773
2019-07-05,-0.4166023949897451,-0.49655932
2019-07-08,-0.4357168445727495,-0.48185682
2019-07-09,-0.42264932818307493,-0.47661492
2019-07-10,-0.4043215995775634,-0.46897188
2019-07-11,-0.40627802525255646,-0.46272835
2019-07-12,-0.39177880915323265,-0.46712574
2019-07-15,-0.3875433212489594,-0.4625699
2019-07-16,-0.3982115226425416,-0.46140233
2019-07-17,-0.4095426597297868,-0.4551588
2019-07-18,-0.40290182211284925,-0.4523741
2019-07-19,-0.421214390332826,-0.44765502
2019-07-22,-0.4038364672404602,-0.44577566
2019-07-23,-0.38959012048432307,-0.44513428
2019-07-24,-0.36845919243702385,-0.44239277
2019-07-25,-0.39346676353487725,-0.4234269
2019-07-26,-0.3658336491635868,-0.41386208
2019-07-29,-0.37695077459484033,-0.40815696
2019-07-30,-0.38289511760644657,-0.4022023
2019-07-31,-0.41249378332169245,-0.39705554
2019-08-01,-0.4318764098216272,-0.40570095
2019-08-02,-0.4641458055904955,-0.4202276
2019-08-05,-0.5479555077774807,-0.4308331
2019-08-06,-0.5156319467476738,-0.41415623
2019-08-07,-0.5067213197586274,-0.4065748
2019-08-08,-0.45356812494549287,-0.43000934
2019-08-09,-0.4776894758365202,-0.4515371
2019-08-12,-0.5065464601662492,-0.467853
2019-08-13,-0.4604410783681381,-0.4732165
2019-08-14,-0.5335164916556674,-0.5163315
2019-08-15,-0.5357229900978748,-0.53052247
2019-08-16,-0.4967254741040889,-0.51811886
2019-08-19,-0.46452555116990285,-0.49288762
2019-08-20,-0.48087874995070523,-0.4901688
2019-08-21,-0.45928049933960063,-0.5119568
2019-08-22,-0.46796798900369296,-0.5157381
2019-08-23,-0.5401994251003999,-0.52031803
2019-08-26,-0.5094613754587232,-0.5414984
2019-08-27,-0.5175370037377005,-0.55369437
2019-08-28,-0.5085149552743862,-0.56280625
2019-08-29,-0.47339393514294537,-0.5755987
2019-08-30,-0.47656216134323304,-0.5790482
2019-09-03,-0.5033059645553069,-0.5967727
2019-09-04,-0.4723419810127035,-0.62698174
2019-09-05,-0.43015519090473214,-0.614561
2019-09-06,-0.43430310182460713,-0.5917988
2019-09-09,-0.43901459639702123,-0.5705083
2019-09-10,-0.440003259597362,-0.5402424
2019-09-11,-0.414223980719341,-0.5113143
2019-09-12,-0.4067513825329341,-0.49805093
2019-09-13,-0.41210491207332256,-0.500379
2019-09-16,-0.4190892869702359,-0.498589
2019-09-17,-0.40929847449093537,-0.503861
2019-09-18,-0.4118998788980845,-0.49978298
2019-09-19,-0.41024504186348126,-0.47812074
2019-09-20,-0.42990202718512743,-0.45791832
2019-09-23,-0.43147252537593206,-0.43756196
2019-09-24,-0.4672928366886768,-0.43127492
2019-09-25,-0.442047115068544,-0.4358693
2019-09-26,-0.4561303772890288,-0.46068013
2019-09-27,-0.4835706751064341,-0.47314236
2019-09-30,-0.46557161777178174,-0.4674235
2019-10-01,-0.4929001997385011,-0.45361423
2019-10-02,-0.5301071711689188,-0.4305163
2019-10-03,-0.5038788210650172,-0.4143885
2019-10-04,-0.47065682320703106,-0.39827767
2019-10-07,-0.4785486134128769,-0.39264873
2019-10-08,-0.518492696779209,-0.4029357
2019-10-09,-0.49438930284968857,-0.40456957
2019-10-10,-0.4802096323522611,-0.3938699
2019-10-11,-0.44817838710567226,-0.38664863
2019-10-14,-0.4507075221021668,-0.37544826
2019-10-15,-0.420545272734382,-0.36708853
2019-10-16,-0.4279395667935624,-0.36957705
2019-10-17,-0.4180914981009326,-0.37945986
2019-10-18,-0.4383815399098001,-0.38244838
2019-10-21,-0.41624060637184457,-0.39249513
2019-10-22,-0.43393233472595333,-0.38882524
2019-10-23,-0.4292629359813341,-0.37635675
2019-10-24,-0.4093648563732272,-0.3564364
2019-10-25,-0.39208613813377624,-0.35898203
2019-10-28,-0.3671056496663922,-0.349832
2019-10-29,-0.381918671027459,-0.3500682
2019-10-30,-0.37374030537854885,-0.3551702
2019-10-31,-0.37724309037805864,-0.3750916
2019-11-01,-0.34889552443992994,-0.39829293
2019-11-04,-0.33478812335315705,-0.42775363
2019-11-05,-0.3343421430796672,-0.4879315
2019-11-06,-0.34159175112932916,-0.5056911
2019-11-07,-0.334390420812243,-0.50068957
2019-11-08,-0.322094612202736,-0.4627145
2019-11-11,-0.32541929946926795,-0.44950634
2019-11-12,-0.31884499092283114,-0.46355233
2019-11-13,-0.32004781296737234,-0.45304438
2019-11-14,-0.32097627619020236,-0.4833889
2019-11-15,-0.3023440151801197,-0.507087
2019-11-18,-0.2995977775752431,-0.49733415
2019-11-19,-0.29335199311145627,-0.46746448
2019-11-20,-0.30659422190530006,-0.45616636
2019-11-21,-0.31277995357978544,-0.44262505
2019-11-22,-0.3086592724785887,-0.4414474
2019-11-25,-0.2747138445730108,-0.48262605
2019-11-26,-0.27005975340213506,-0.49557954
2019-11-27,-0.25280223026479054,-0.5011852
2019-11-29,-0.2647724585558291,-0.49600896
2019-12-02,-0.2941568182386652,-0.47163552
2019-12-03,-0.3084302476252719,-0.45711774
2019-12-04,-0.2945548151559977,-0.46633917
2019-12-05,-0.29333992367831224,-0.46003252
2019-12-06,-0.2674671802875303,-0.43192402
2019-12-09,-0.2779272575534839,-0.41552803
2019-12-10,-0.279630519508872,-0.41217282
2019-12-11,-0.26821489638961904,-0.41457102
2019-12-12,-0.24914254263440933,-0.40358356
2019-12-13,-0.24384936025974047,-0.39151514
2019-12-16,-0.2199298044033519,-0.3878823
2019-12-17,-0.21717767927011233,-0.39169627
2019-12-18,-0.21585740103473097,-0.39009514
2019-12-19,-0.19792781653476102,-0.38981572
2019-12-20,-0.18655134547912144,-0.3887766
2019-12-23,-0.18031439230787905,-0.39877784
2019-12-24,-0.17813512368435008,-0.40666577
2019-12-26,-0.15718199899361066,-0.4296812
2019-12-27,-0.16193558939381938,-0.42998594
2019-12-30,-0.18021194931436457,-0.43312612
2019-12-31,-0.17219078067274401,-0.44912937
2020-01-02,-0.136141150130264,-0.44983512
2020-01-03,-0.15767036947131355,-0.46207196
2020-01-06,-0.14238722897046882,-0.48983282
2020-01-07,-0.14325828879176067,-0.49276528
2020-01-08,-0.12497280320225308,-0.47132525
2020-01-09,-0.10260902671576187,-0.45900464
2020-01-10,-0.11001524301987696,-0.4757811
2020-01-13,-0.08135740433702318,-0.47785932
2020-01-14,-0.08816986340573944,-0.46932608
2020-01-15,-0.08594820457799761,-0.44512275
2020-01-16,-0.056277416640306104,-0.431051
2020-01-17,-0.04668839919564416,-0.40983403
2020-01-21,-0.05215379177492814,-0.40288478
2020-01-22,-0.04824712232972317,-0.39738962
2020-01-23,-0.04260687015806104,-0.40672565
2020-01-24,-0.06900419232597782,-0.4023401
2020-01-27,-0.12193748795475778,-0.40722877
2020-01-28,-0.08263853050879115,-0.4083433
2020-01-29,-0.08098649005016026,-0.39733347
2020-01-30,-0.07382136803250586,-0.37984022
2020-01-31,-0.11843146481464852,-0.35607466
2020-02-03,-0.0815169563556578,-0.35163483
2020-02-04,-0.02286569318082538,-0.3493184
2020-02-05,-0.010594023437606279,-0.35148218
2020-02-06,0.00853867748332328,-0.3379585
2020-02-07,-0.007027947508195207,-0.3204119
2020-02-10,0.025491521027887435,-0.31048048
2020-02-11,0.028671963849528307,-0.31141216
2020-02-12,0.054903257717611106,-0.31057197
2020-02-13,0.050686021151263035,-0.30335885
2020-02-14,0.05647669967259719,-0.30031252
2020-02-18,0.05694711318879333,-0.29580867
2020-02-19,0.08240066456013656,-0.29415682
2020-02-20,0.06244223778630988,-0.29446983
2020-02-21,0.00987691268021139,-0.2847262
2020-02-24,-0.09722812016848562,-0.27652958
2020-02-25,-0.1742976326974091,-0.26923522
2020-02-26,-0.16972478941794164,-0.2735449
2020-02-27,-0.2946119241811178,-0.2815837
2020-02-28,-0.2943437472641874,-0.28417796
2020-03-02,-0.17834913534034164,-0.2652094
2020-03-03,-0.2591595833910543,-0.2488378
2020-03-04,-0.1584781383627039,-0.23144878
2020-03-05,-0.2427310242472068,-0.23023714
2020-03-06,-0.2918568552836968,-0.2498465
2020-03-09,-0.4802396587469121,-0.27193245
2020-03-10,-0.36160139939991326,-0.27543074
2020-03-11,-0.47982679582046345,-0.27205318
2020-03-12,-0.705983245319026,-0.25351673
2020-03-13,-0.5030890091351339,-0.24727131
2020-03-16,-0.7955746475465921,-0.24768938
2020-03-17,-0.6658975668955662,-0.24356338
2020-03-18,-0.7698767637481883,-0.23033553
2020-03-19,-0.7214229940743239,-0.21918157
2020-03-20,-0.8031317317650067,-0.20069943
2020-03-23,-0.8088139325762546,-0.18925819
2020-03-24,-0.6408537874982811,-0.1846926
2020-03-25,-0.65097018029605,-0.17421345
2020-03-26,-0.5264024439465615,-0.16193216
2020-03-27,-0.6153759500724407,-0.1521665
2020-03-30,-0.5334532007257663,-0.14692692
2020-03-31,-0.5557748813844627,-0.13359867
2020-04-01,-0.658120289116379,-0.12870124
2020-04-02,-0.6199186197690485,-0.13848214
2020-04-03,-0.6543522709641204,-0.14166638
2020-04-06,-0.49152560905397213,-0.12136969
2020-04-07,-0.4993571992823068,-0.11922687
2020-04-08,-0.4379716207475329,-0.11255501
2020-04-09,-0.4190772175370919,-0.10972762
2020-04-13,-0.4073692786346208,-0.0986945
2020-04-14,-0.3099071341151062,-0.07921511
2020-04-15,-0.3468519633451657,-0.07277225
2020-04-16,-0.3048971418546931,-0.055866145
2020-04-17,-0.2693935795678726,-0.050548296
2020-04-20,-0.29634521253115675,-0.049081054
2020-04-21,-0.386024044554912,-0.032457545
2020-04-22,-0.3160445880570156,-0.016663732
2020-04-23,-0.3162344608467194,-0.012200256
2020-04-24,-0.274102130376105,-0.010327331
2020-04-27,-0.2452720814886363,-0.0071230633
2020-04-28,-0.2821774642786644,-0.02068138
2020-04-29,-0.1896411203639735,-0.060900543
2020-04-30,-0.19722543440106657,-0.061851304
2020-05-01,-0.2830155539411236,-0.053463075
2020-05-04,-0.25113517660883433,-0.042102654
2020-05-05,-0.2214702761995057,-0.062044825
2020-05-06,-0.20782416295996659,-0.056232743
2020-05-07,-0.17006243916955407,-0.015092262
2020-05-08,-0.12736019595341067,0.01766073
2020-05-11,-0.10595196532021882,0.041952297
2020-05-12,-0.16316255030464866,0.04173325
2020-05-13,-0.20517742458442292,0.054491002
2020-05-14,-0.18089637448655205,0.064010166
2020-05-15,-0.1595423091142989,0.08306492
2020-05-18,-0.09314364736672083,0.091212496
2020-05-19,-0.10813447208434725,0.09629742
2020-05-20,-0.05065541580656896,0.09800171
2020-05-21,-0.07805656156036109,0.112612374
2020-05-22,-0.06608633326932249,0.110328995
2020-05-26,-0.06137483869690861,0.07657493
2020-05-27,-0.03962866393568589,-0.008340645
2020-05-28,-0.05270221504193264,-0.10171743
2020-05-29,-0.01626400762750098,-0.14337386
2020-06-01,0.0024795276686404738,-0.22183885
2020-06-02,0.0194597482200922,-0.26225927
2020-06-03,0.04192626207651611,-0.20729671
2020-06-04,0.02169936400934098,-0.20652804
2020-06-05,0.08146631380894365,-0.15804246
2020-06-08,0.11482681577166733,-0.17657596
2020-06-09,0.12356861788490729,-0.2264021
2020-06-10,0.14364450084957395,-0.36294237
2020-06-11,-0.015401779098753699,-0.38062564
2020-06-12,0.013560444800462238,-0.43028042
2020-06-15,0.054921214679118056,-0.57611066
2020-06-16,0.1061212219578591,-0.55868393
2020-06-17,0.11054040074705486,-0.6711833
2020-06-18,0.12034313547129012,-0.68005407
2020-06-19,0.12126865492993869,-0.71890295
2020-06-22,0.1545358395681103,-0.71620834
2020-06-23,0.17711068394641158,-0.7482918
2020-06-24,0.11013033439657854,-0.7737596
2020-06-25,0.1426347897353359,-0.7015238
2020-06-26,0.06432624686243907,-0.6490804
2020-06-29,0.09957399604189161,-0.559756
2020-06-30,0.15522585789224266,-0.55653924
2020-07-01,0.18412214147379408,-0.5312793
2020-07-02,0.20009853843937045,-0.52992254
2020-07-06,0.26823048853698744,-0.58768094
2020-07-07,0.24117288006317086,-0.6091042
2020-07-08,0.28597020024725395,-0.6310136
2020-07-09,0.30262484048023686,-0.5541168
2020-07-10,0.32363242480833343,-0.4978751
2020-07-13,0.2553256151183381,-0.4392763
2020-07-14,0.2847885733048192,-0.4022146
2020-07-15,0.3034508607095524,-0.38418984
2020-07-16,0.2803423118851537,-0.32810548
2020-07-17,0.2891927388966893,-0.3143371
2020-07-20,0.36874296150132285,-0.29289824
2020-07-21,0.342599097429429,-0.26307836
2020-07-22,0.35036710235144464,-0.26109338
2020-07-23,0.27660137636336446,-0.3157675
2020-07-24,0.24698769745079313,-0.31540397
2020-07-27,0.2991641513085219,-0.30470958
2020-07-28,0.2587168314553706,-0.2714789
2020-07-29,0.3011750366208719,-0.23433031
2020-07-30,0.3147004555289714,-0.23668212
2020-07-31,0.3621654148142863,-0.19453791
2020-08-03,0.4096515692017075,-0.17168614
2020-08-04,0.4212179130470507,-0.21244657
2020-08-05,0.43846954865603216,-0.22742638
2020-08-06,0.47152860916657513,-0.21383321
2020-08-07,0.44226170567457856,-0.19230908
2020-08-10,0.4294142356574676,-0.15788834
2020-08-11,0.3734847768448055,-0.11536207
2020-08-12,0.4426414512539859,-0.08272189
2020-08-13,0.4517629989466335,-0.10143016
2020-08-14,0.4447694983807576,-0.14612679
2020-08-17,0.47805787812103584,-0.15951754
2020-08-18,0.5025076059065039,-0.14680597
2020-08-19,0.48310084054028124,-0.095344275
2020-08-20,0.5188187088595113,-0.07173527
2020-08-21,0.5329411231436093,-0.03411418
2020-08-24,0.5534150030256086,-0.030729523
2020-08-25,0.5795650490022832,-0.029626234
2020-08-26,0.6394282598906198,-0.02791897
2020-08-27,0.6274550878353997,-0.014515725
2020-08-28,0.6486434192842372,-0.012865663
2020-08-31,0.6727075139619351,0.006594985
2020-09-01,0.7222072030494694,0.029402789
2020-09-02,0.757406674496346,0.050342645
2020-09-03,0.5770419487223608,0.07193753
2020-09-04,0.5333420638251233,0.06999427
2020-09-08,0.39303931917293705,0.09831736
2020-09-09,0.4816236596740285,0.13562217
2020-09-10,0.41471278295887803,0.1597038
2020-09-11,0.3948055776818084,0.17915449
2020-09-14,0.4560285132455574,0.09579556
2020-09-15,0.496322168608437,0.05433074
2020-09-16,0.4541654048951162,0.06692008
2020-09-17,0.4119064925646996,0.11511363
2020-09-18,0.37663784265955885,0.14770138
2020-09-21,0.37227282913130194,0.1646934
2020-09-22,0.42799122005215356,0.16819753
2020-09-23,0.3283197805144596,0.18512917
2020-09-24,0.34016018880509596,0.20771612
2020-09-25,0.4128950085768312,0.18072362
2020-09-28,0.4743802335291475,0.17839344
2020-09-29,0.4646496210273577,0.13657452
2020-09-30,0.489446124233401,0.13184528
2020-10-01,0.5373753151301308,0.16877417
2020-10-02,0.4615657336708686,0.21096286
2020-10-05,0.5391780763148522,0.2398501
2020-10-06,0.48555446798552154,0.28822985
2020-10-07,0.5488571729434665,0.29598066
2020-10-08,0.5658527010686617,0.31747428
2020-10-09,0.6137698225322474,0.33821988
2020-10-12,0.703092753466465,0.35994714
2020-10-13,0.6993671255184192,0.32972592
2020-10-14,0.6706789660644963,0.32453382
2020-10-15,0.6541417820223534,0.33747077
2020-10-16,0.6413876293297943,0.33396178
2020-10-19,0.5833059845240728,0.3350066
2020-10-20,0.594643303516099,0.38262182
2020-10-21,0.5850575242120365,0.39615512
2020-10-22,0.5914840557965645,0.40041408
2020-10-23,0.6042261390559795,0.35622016
2020-10-26,0.5471512616003149,0.31115833
2020-10-27,0.5689783898765273,0.32216305
2020-10-28,0.44041979242624407,0.31498975
2020-10-29,0.49489620923894145,0.334964
2020-10-30,0.4123012513414324,0.3558541
2020-11-02,0.42617374004652536,0.39258343
2020-11-03,0.487354285406061,0.4380194
2020-11-04,0.6170374007736592,0.46487966
2020-11-05,0.7075148760198424,0.48237363
2020-11-06,0.7088113097653539,0.50705916
2020-11-09,0.6541146993918838,0.5013043
2020-11-10,0.6059082059092616,0.48620656
2020-11-11,0.67601424426696,0.44513714
2020-11-12,0.652851530181623,0.46484852
2020-11-13,0.6889341308829353,0.49000135
2020-11-16,0.717522791107525,0.49836138
2020-11-17,0.7100500457329089,0.5179554
2020-11-18,0.6805870875464277,0.54184437
2020-11-19,0.7116688216562892,0.54069465
2020-11-20,0.6966750531744813,0.5567568
2020-11-23,0.7044100879376649,0.5746933
2020-11-24,0.7514832322104281,0.59524316
2020-11-25,0.7688493802460684,0.6197774
2020-11-27,0.8024447945904719,0.6662355
2020-11-30,0.8003017342663746,0.68127525
2020-12-01,0.8474381694690392,0.6943349
2020-12-02,0.8457078248831816,0.71304065
2020-12-03,0.8540907821427027,0.7516302
2020-12-04,0.8803314960561663,0.7919624
2020-12-07,0.8971277313462773,0.69980156
2020-12-08,0.9160640831963037,0.61374235
2020-12-09,0.8425668285015724,0.49505767
2020-12-10,0.8627210155934657,0.49547628
2020-12-11,0.8542989062703314,0.47930357
2020-12-14,0.8730394978022914,0.46065864
2020-12-15,0.9197688104186617,0.48753735
2020-12-16,0.9387990683460758,0.5296715
2020-12-17,0.9709205399648263,0.52395487
2020-12-18,0.9681743023599498,0.48684144
2020-12-21,0.9642193551821691,0.44380212
2020-12-22,0.9839337439053534,0.42258793
2020-12-23,0.9728378135762061,0.45214394
2020-12-24,0.9829723105236913,0.41590062
2020-12-28,1.0115156367798868,0.39632925
2020-12-29,0.9966846584573132,0.43232986
2020-12-30,1.0026472528068442,0.49410436
2020-12-31,1.0081576849781042,0.5185549
2021-01-04,0.9509350305605306,0.53577816
2021-01-05,0.987261669312485,0.5688928
2021-01-06,0.9636980145456338,0.540014
2021-01-07,1.0621760520841674,0.563621
2021-01-08,1.1027199274024704,0.5504311
2021-01-11,1.0528160594928229,0.57784516
2021-01-12,1.0636679517713274,0.606014
2021-01-13,1.0807055757243174,0.6466127
2021-01-14,1.0757889007884562,0.71818787
2021-01-15,1.041382479412063,0.74929756
2021-01-19,1.1012727729308687,0.73691857
2021-01-20,1.1796687455999544,0.71358484
2021-01-21,1.2018729700678108,0.69483125
2021-01-22,1.2055353070859554,0.6543705
2021-01-25,1.2335484614130712,0.6424817
2021-01-26,1.2305549476169528,0.63765144
2021-01-27,1.1234045807998612,0.6415102
2021-01-28,1.1434686887078025,0.65185714
2021-01-29,1.0631436673706107,0.6224829
2021-02-01,1.1634330030099915,0.6162339
2021-02-02,1.2265520170830142,0.54056484
2021-02-03,1.2258767175797893,0.53050107
2021-02-04,1.2762777872596838,0.4889296
2021-02-05,1.299958898217375,0.47640342
2021-02-08,1.3395501714465599,0.5125809
2021-02-09,1.3455972518280988,0.6140923
2021-02-10,1.3349955795050172,0.7203908
2021-02-11,1.3510440986930394,0.7627444
2021-02-12,1.372054626785317,0.7336731
2021-02-16,1.3575945627496064,0.67912567
2021-02-17,1.3328734199066086,0.6951596
2021-02-18,1.3026901226249263,0.70221597
2021-02-19,1.3054331220892035,0.72795093
2021-02-22,1.2025179487999673,0.75862086
2021-02-23,1.1820652640200746,0.7664818
2021-02-24,1.2220875043254242,0.74673253
2021-02-25,1.07783570002382,0.7519467
2021-02-26,1.0998167871667222,0.7493772
2021-03-01,1.2193324354280026,0.7528083
2021-03-02,1.1499888319933003,0.78422385
2021-03-03,1.0411563983229273,0.8122707
2021-03-04,0.9584769543934106,0.8429735
2021-03-05,1.0177646593842729,0.8533681
2021-03-08,0.92401931152026,0.88257056
2021-03-09,1.0640871437907662,0.8958693
2021-03-10,1.0625828802940442,0.9039031
2021-03-11,1.1620102817810962,0.9222615
2021-03-12,1.13825381046036,0.94190633
2021-03-15,1.180410279797262,0.9617541
2021-03-16,1.1839854813956359,0.92491883
2021-03-17,1.2001517511509159,0.9131515
2021-03-18,1.076853071540051,0.90741384
2021-03-19,1.1067169704080462,0.91854334
2021-03-22,1.1556408592216882,0.9545863
2021-03-23,1.1104729191271605,0.9846495
2021-03-24,1.0303466018722172,1.0147934
2021-03-25,1.0351063741772073,1.0242068
2021-03-26,1.0836537555520418,1.0217354
2021-03-29,1.059815741963479,1.0307337
2021-03-30,1.0555169631293049,1.0297465
2021-03-31,1.116251528215351,1.0345361
2021-04-01,1.1865598031723155,1.0550443
2021-04-05,1.2545286687342803,1.0567131
2021-04-06,1.252355287639114,1.0579389
2021-04-07,1.2494795244102535,1.061405
2021-04-08,1.2918229227726779,1.0282968
2021-04-09,1.313189351954493,1.0317445
2021-04-12,1.2980598759439204,1.0247811
2021-04-13,1.342100354356952,1.0814804
2021-04-14,1.3004231298287898,1.1382809
2021-04-15,1.3549598938072067,1.1294556
2021-04-16,1.3590534922779345,1.1214037
2021-04-19,1.317584097500983,1.1281544
2021-04-20,1.2788488708957644,1.1306264
2021-04-21,1.328270255856072,1.110402
2021-04-22,1.2885373875697592,1.1361185
2021-04-23,1.3483431950565574,1.2017622
2021-04-26,1.3851102209300568,1.2465497
2021-04-27,1.3704720591613684,1.2618314
2021-04-28,1.3586587335012017,1.2795216
2021-04-29,1.368160026773256,1.2845792
2021-04-30,1.3320262045751867,1.2194759
2021-05-03,1.311660949591483,1.1964118
2021-05-04,1.2327978015468009,1.1457734
2021-05-05,1.2174001486192976,1.1850108
2021-05-06,1.2325988030881345,1.2529832
2021-05-07,1.2685910302290764,1.2825359
2021-05-10,1.1629720095391765,1.3174531
2021-05-11,1.159224892112606,1.3447512
2021-05-12,1.0513842125949644,1.3777064
2021-05-13,1.0795118793487386,1.394397
2021-05-14,1.1714485784996675,1.3921746
2021-05-17,1.156095965164141,1.3988757
2021-05-18,1.133364218154968,1.4160025
2021-05-19,1.132188773117314,1.4153767
2021-05-20,1.2033289558319573,1.3975986
2021-05-21,1.1838106218032571,1.370106
2021-05-24,1.2411386629785273,1.3602995
2021-05-25,1.2399328971698045,1.2968198
2021-05-26,1.264298433299683,1.2525966
2021-05-27,1.2637800364273295,1.263487
2021-05-28,1.267535985146444,1.1886661
2021-06-01,1.2638403835930492,1.1601278
2021-06-02,1.2698238786682687,1.2291701
2021-06-03,1.2270733577195492,1.2283486
2021-06-04,1.287355760627324,1.1504776
2021-06-07,1.3076215163816947,1.0563058
2021-06-08,1.3206409022270025,1.0526364
2021-06-09,1.3166738856160778,1.0096879
2021-06-10,1.3494044220439707,1.0737237
2021-06-11,1.364202135831294,1.114208
2021-06-14,1.3957690022782583,1.186754
2021-06-15,1.3652392239524191,1.2027013
2021-06-16,1.3552371963930998,1.2247959
2021-06-17,1.391913554329811,1.2354339
2021-06-18,1.352433849763103,1.2481012
2021-06-21,1.3859241717262283,1.1784616
2021-06-22,1.4196220290641461,1.1578473
2021-06-23,1.4251869208727632,1.188181
2021-06-24,1.4547220012816902,1.1812104
2021-06-25,1.4519124727469124,1.1237707
2021-06-28,1.4941504843516404,1.0956912
2021-06-29,1.5025366797517612,1.1191692
2021-06-30,1.4951875724727661,1.122418
2021-07-01,1.5007430442360021,1.1179341
2021-07-02,1.5359966809438175,1.1517516
2021-07-06,1.5433245931207062,1.2137444
2021-07-07,1.5437526164326894,1.2828203
2021-07-08,1.5120170722981274,1.3076555
2021-07-09,1.5548638543355804,1.3080202
2021-07-12,1.5643050948183332,1.3300442
2021-07-13,1.5475480115918354,1.3549889
2021-07-14,1.537690817230243,1.3561066
2021-07-15,1.506997954368752,1.3803828
2021-07-16,1.4720640104510423,1.3677471
2021-07-19,1.4261666055923505,1.3911997
2021-07-20,1.4936591701097561,1.4076283
2021-07-21,1.5337720783518944,1.3877949
2021-07-22,1.549642794183357,1.351415
2021-07-23,1.5955796454820796,1.3657104
2021-07-26,1.5967009252587947,1.354844
2021-07-27,1.542402311802657,1.3841058
2021-07-28,1.5731493399250878,1.4231906
2021-07-29,1.5778758476948271,1.4300591
2021-07-30,1.5460496356234765,1.4200827
2021-08-02,1.5485789178081804,1.4193016
2021-08-03,1.5727604686767178,1.3985119
2021-08-04,1.5785602728670145,1.3758256
2021-08-05,1.613102401772173,1.3192863
2021-08-06,1.5952087311952168,1.2839388
2021-08-09,1.6025699079073559,1.283381
2021-08-10,1.580839040719877,1.3110276
2021-08-11,1.5739209005170465,1.2609702
2021-08-12,1.5893306228776933,1.2273067
2021-08-13,1.5913323825210806,1.1502569
2021-08-16,1.5825481902036278,1.131226
2021-08-17,1.5410758516624954,1.1899338
2021-08-18,1.5018072149875974,1.2157718
2021-08-19,1.5065940699230564,1.2060907
2021-08-20,1.5587042890867022,1.1947131
2021-08-23,1.6274299964197183,1.2329247
2021-08-24,1.6506860278296074,1.2429864
2021-08-25,1.6573359911155077,1.2777807
2021-08-26,1.6283823041324184,1.2937351
2021-08-27,1.6837542140091133,1.3119892
2021-08-30,1.7248677076965269,1.3184973
2021-08-31,1.7228632986653762,1.3215042
2021-09-01,1.7379774671022052,1.3199743
2021-09-02,1.7445488318844609,1.3226991
2021-09-03,1.7542974013477577,1.2985014
2021-09-07,1.757556148296625,1.3225012
2021-09-08,1.7311226178292758,1.3513638
2021-09-09,1.7195503864555697,1.3710754
2021-09-10,1.6795310899144018,1.3741876
2021-09-13,1.6765437580230644,1.3926271
2021-09-14,1.656099904535716,1.4107028
2021-09-15,1.6934094661478574,1.4367719
2021-09-16,1.6995557513823112,1.4289713
2021-09-17,1.6579718441787015,1.4152228
2021-09-20,1.5584752642333852,1.4317133
2021-09-21,1.5682721114292577,1.4185052
2021-09-22,1.613623742408708,1.4300029
2021-09-23,1.6604649180639732,1.4584402
2021-09-24,1.6590963620960162,1.4749336
2021-09-27,1.6356651767173307,1.496987
2021-09-28,1.5080680126487096,1.5038705
2021-09-29,1.4977468810521206,1.529972
2021-09-30,1.478496723940351,1.5472939
2021-10-01,1.5141030235971045,1.5480627
2021-10-04,1.420288497274827,1.5494554
2021-10-05,1.4740504625206856,1.5717307
2021-10-06,1.4945726201352607,1.5874145
2021-10-07,1.5404246910255581,1.5925133
2021-10-08,1.5179734847428774,1.5736284
2021-10-11,1.489836986696559,1.589584
2021-10-12,1.4837236716209374,1.6061375
2021-10-13,1.5155919795200827,1.6022775
2021-10-14,1.5914919345397156,1.5920492
2021-10-15,1.6137715193706175,1.5689453
2021-10-18,1.6512918544981505,1.5377153
2021-10-19,1.6836305759134922,1.4974283
2021-10-20,1.6813968476526062,1.5228527
2021-10-21,1.709738526062372,1.5662615
2021-10-22,1.6719076238136954,1.5938883
2021-10-25,1.7130573258005415,1.6286592
2021-10-26,1.7157702988701673,1.6421428
2021-10-27,1.715809450933781,1.6109458
2021-10-28,1.7797995248280947,1.6120436
2021-10-29,1.7949528453285373,1.6202916
2021-11-01,1.824352512585117,1.6057075
2021-11-02,1.8405337955377226,1.5990077
2021-11-03,1.8893614232626315,1.6124482
2021-11-04,1.928165828326114,1.6236315
2021-11-05,1.9375949993757235,1.6480478
2021-11-08,1.940841676891447,1.6475148
2021-11-09,1.9119574627430391,1.6483117
2021-11-10,1.8324281408640943,1.6355594
2021-11-11,1.857016814318927,1.625175
2021-11-12,1.9042465668461437,1.6313437
2021-11-15,1.9021032121456285,1.6373451
2021-11-16,1.938279424547911,1.63421
2021-11-17,1.922517039238326,1.6065879
2021-11-18,1.9442629196231305,1.5693282
2021-11-19,1.9634739246712862,1.5573665
2021-11-22,1.9023775709673398,1.5886432
2021-11-23,1.8783767672195428,1.6478709
2021-11-24,1.8995050458790792,1.6863452
2021-11-26,1.7929242974310986,1.7004762
2021-11-29,1.8806949815124367,1.6842123
2021-11-30,1.8067997299003729,1.7076327
2021-12-01,1.7212986880029346,1.7464033
2021-12-02,1.759663294697708,1.7612867
2021-12-03,1.6704816644442002,1.7725645
2021-12-06,1.712587206660763,1.7800868
2021-12-07,1.8517836847335598,1.7882273
2021-12-08,1.8819490250537354,1.7932271
2021-12-09,1.8006743453916076,1.7789805
2021-12-10,1.8348064079462898,1.7648218
2021-12-13,1.7692973517343462,1.7361069
2021-12-14,1.7163519866724222,1.7225472
2021-12-15,1.8152068260261818,1.7077055
2021-12-16,1.6991065329682218,1.7249932
2021-12-17,1.6958660373572791,1.7389596
2021-12-20,1.6389722013987735,1.7181631
2021-12-21,1.7475361637757985,1.6458899
2021-12-22,1.8020367194547835,1.6184657
2021-12-23,1.8416703828881813,1.6426936
2021-12-27,1.9073513549283212,1.687364
2021-12-28,1.8803602755250055,1.7046652
2021-12-29,1.8756879330162048,1.6923602
2021-12-30,1.8682543397052023,1.6065595
2021-12-31,1.8391381569392964,1.5585303
2022-01-03,1.8957579284525083,1.5349265
2022-01-04,1.8324310846282759,1.5527456
2022-01-05,1.6749129126665399,1.5083482
2022-01-06,1.6690922077505548,1.5157245
2022-01-07,1.6253952666174987,1.537512
2022-01-10,1.627484161680657,1.5750556
2022-01-11,1.6909737956641244,1.5763233
2022-01-12,1.7015059951525233,1.5542581
2022-01-13,1.586481942279302,1.5389483
2022-01-14,1.6126893916575153,1.5539566
2022-01-18,1.4960768836319827,1.6102902
2022-01-19,1.4458444916396849,1.6496879
2022-01-20,1.3897039649352132,1.6836734
2022-01-21,1.2736189794509967,1.7139118
2022-01-24,1.2996062352684368,1.7225089
2022-01-25,1.2043990141119145,1.7397802
2022-01-26,1.2052521169716996,1.7246473
2022-01-27,1.148177239516035,1.7404026
2022-01-28,1.2741164755976617,1.7521526
2022-01-31,1.4155858339949576,1.7562093
2022-02-01,1.4475748362255425,1.7951293
2022-02-02,1.4691429132537872,1.8223324
2022-02-03,1.3067475127962216,1.8477354
2022-02-04,1.3728202998489127,1.8657562
2022-02-07,1.3479996577765818,1.9002972
2022-02-08,1.4018914430228426,1.9374417
2022-02-09,1.4910939740020388,1.9561461
2022-02-10,1.3992355789783366,1.9623367
2022-02-11,1.280320164233654,1.9461341
2022-02-14,1.2802506913989717,1.8911505
2022-02-15,1.3854054804774565,1.8823346
2022-02-16,1.3806819164718986,1.9140148
2022-02-17,1.2578836767718806,1.9289793
2022-02-18,1.2070457524874585,1.9531454
2022-02-22,1.1568404431256303,1.9528009
2022-02-23,1.0531357522829286,1.9623661
2022-02-24,1.1845942518283599,1.9780849
2022-02-25,1.2512219384292549,1.9482403
2022-02-28,1.2683378665094716,1.9184227
2022-03-01,1.202340145443407,1.921058
2022-03-02,1.2685245011585757,1.8631467
2022-03-03,1.2039921859020382,1.8878008
2022-03-04,1.1363185798874735,1.8627273
2022-03-07,0.9908789667386532,1.7968228
2022-03-08,0.9802048778167082,1.790714
2022-03-09,1.1188679458198256,1.74312
2022-03-10,1.0810099609406798,1.7462512
2022-03-11,0.9947523716486082,1.8377016
2022-03-14,0.9155969078207075,1.89803
2022-03-15,1.0263466151024603,1.865288
2022-03-16,1.1734288486645301,1.861707
2022-03-17,1.2271548999873756,1.8250815
2022-03-18,1.3112750221072949,1.7768428
2022-03-21,1.2945812298106985,1.8182143
2022-03-22,1.3760790467977804,1.775505
2022-03-23,1.319944407621671,1.7477214
2022-03-24,1.4011045748571407,1.7050663
2022-03-25,1.3943100727499311,1.7536124
2022-03-28,1.4502577829005177,1.815281
2022-03-29,1.5300611692247559,1.8614548
2022-03-30,1.4765944635262966,1.9136351
2022-03-31,1.4097498215052287,1.91568
2022-04-01,1.4221030335162739,1.9072472
2022-04-04,1.5038086802545665,1.8988456
2022-04-05,1.4048213715126419,1.8793876
2022-04-06,1.3097619273180283,1.9057028
2022-04-07,1.3123179977567832,1.8832059
2022-04-08,1.2561595140908044,1.7757933
2022-04-11,1.166016450455634,1.7227339
2022-04-12,1.1538413361775666,1.6851773
2022-04-13,1.2358392986990772,1.6759287
2022-04-14,1.147664730172044,1.7148263
2022-04-18,1.1420218286126183,1.7409568
2022-04-19,1.2286258989488472,1.6784825
2022-04-20,1.178408814530293,1.658884
2022-04-21,1.0944815089642583,1.5867867
2022-04-22,0.9933899975854319,1.5231844
2022-04-25,1.043296514882843,1.4669948
2022-04-26,0.8883226383031362,1.3774422
2022-04-27,0.8877768644238948,1.354933
2022-04-28,1.0031085406540776,1.2981557
2022-04-29,0.8412674509918795,1.2719854
2022-05-02,0.9019716953068567,1.2307907
2022-05-03,0.9103337518406894,1.2898221
2022-05-04,1.031242094936215,1.4135299
2022-05-05,0.8361582538785514,1.4867222
2022-05-06,0.7839997569823295,1.5175241
2022-05-09,0.6268251223005692,1.4231322
2022-05-10,0.6613160297089702,1.4093695
2022-05-11,0.5487488424215891,1.4014945
2022-05-12,0.5507744465548459,1.4346449
2022-05-13,0.6816121062344093,1.5079902
2022-05-16,0.6387441290948501,1.4843549
2022-05-17,0.735726734429206,1.3890502
2022-05-18,0.564999598208877,1.3413448
2022-05-19,0.556061741401152,1.39572
2022-05-20,0.5458489403264405,1.4295937
2022-05-23,0.6003041620370313,1.3646038
2022-05-24,0.5186679881334211,1.2940029
2022-05-25,0.5700004648003277,1.2349107
2022-05-26,0.6622144665371492,1.1511148
2022-05-27,0.7799211717089276,1.196196
2022-05-31,0.7649274032271197,1.2753378
2022-06-01,0.7387231919895061,1.3206017
2022-06-02,0.8359201033562718,1.2903221
2022-06-03,0.7442306803965849,1.3063172
2022-06-06,0.7588926866551431,1.2791553
2022-06-07,0.7932149163759469,1.2215289
2022-06-08,0.7663984021885913,1.1063231
2022-06-09,0.6663080650078765,1.0467467
2022-06-10,0.5414477184987515,1.1191038
2022-06-13,0.3814458926971247,1.1456687
2022-06-14,0.38720919421157146,1.0956067
2022-06-15,0.46883977496323664,1.0137988
2022-06-16,0.3322714895516407,1.042764
2022-06-17,0.3781659506461506,1.1632837
2022-06-21,0.4598415709897922,1.2570384
2022-06-22,0.4549522730608186,1.3386489
2022-06-23,0.5089435575364124,1.3555808
2022-06-24,0.6221136277281549,1.4011365
2022-06-27,0.5970727920950512,1.3874216
2022-06-28,0.4936754302328931,1.4240812
2022-06-29,0.4925750511818666,1.4418017
2022-06-30,0.4476152352149675,1.4809992
2022-07-01,0.47749090913968795,1.5470973
2022-07-05,0.5360883014300001,1.5423744
2022-07-06,0.5480282089499694,1.4901657
2022-07-07,0.6262522657908584,1.4714738
2022-07-08,0.6304603766882443,1.5202576
2022-07-11,0.5512687045609117,1.4883988
2022-07-12,0.5187524741654286,1.4079498
2022-07-13,0.5135826355099627,1.3719865
2022-07-14,0.5146709451278456,1.3313208
2022-07-15,0.5753298554744282,1.2608173
2022-07-18,0.5474856732113279,1.2219313
2022-07-19,0.6539248266021804,1.2626773
2022-07-20,0.7095407745295175,1.2364674
2022-07-21,0.7583622203496455,1.2121719
2022-07-22,0.6903871728829,1.254877
2022-07-25,0.674880895057101,1.250482
2022-07-26,0.6085337491826985,1.1901175
2022-07-27,0.7501658977392286,1.0956819
2022-07-28,0.7894045080194753,1.0839916
2022-07-29,0.8581634798877418,0.9990923
2022-08-01,0.8516191977359555,0.9547757
2022-08-02,0.8455238396218407,1.0140927
2022-08-03,0.9418043571989204,0.95599955
2022-08-04,0.957605894572119,0.9503901
2022-08-05,0.9386059574157728,0.9596382
2022-08-08,0.9346601359069546,1.0403832
2022-08-09,0.8892840716847982,0.9639198
2022-08-10,0.998065283858414,0.87641454
2022-08-11,0.9754904394801125,0.74259603
2022-08-12,1.0560597932443643,0.7021327
2022-08-15,1.0804341606667875,0.6365344
2022-08-16,1.0727474036361802,0.6098764
2022-08-17,1.023181479854563,0.6842193
2022-08-18,1.0313866337575244,0.70512146
2022-08-19,0.952975647891113,0.7614007
2022-08-22,0.8554142985186834,0.684404
2022-08-23,0.8553327562508574,0.62447107
2022-08-24,0.870474301694574,0.5956571
2022-08-25,0.9330955252445129,0.62519556
2022-08-26,0.7831104458231126,0.963115
2022-08-29,0.7457196363195635,0.8974457
2022-08-30,0.7051666353322981,0.82921684
2022-08-31,0.6849883093741167,0.77467597
2022-09-01,0.6756224292544091,0.7434027
2022-09-02,0.6291191977271745,0.7303937
2022-09-06,0.6032102460369606,0.70173824
2022-09-07,0.6776633409614097,0.67204535
2022-09-08,0.6988334210723219,0.7040395
2022-09-09,0.7742479493784334,0.73964417
2022-09-12,0.8207002537853283,0.7997839
2022-09-13,0.6299360922875274,0.85456985
2022-09-14,0.6558930273338993,0.7595068
2022-09-15,0.6054560437309905,0.7104345
2022-09-16,0.5741182021373428,0.66753834
2022-09-19,0.600228801673986,0.63560945
2022-09-20,0.5670793676030725,0.64208937
2022-09-21,0.5053262601102443,0.63216466
2022-09-22,0.459090911123522,0.5882641
2022-09-23,0.39914027043899647,0.53557247
2022-09-26,0.3795436322830703,0.47594965
2022-09-27,0.3875559696321463,0.43886423
2022-09-28,0.45451806784405435,0.4333145
2022-09-29,0.3598262997957045,0.47777575
2022-09-30,0.3110260490776831,0.4493842
2022-10-03,0.38331459419951014,0.39535478
2022-10-04,0.4921290709083762,0.40810406
2022-10-05,0.48375788870558134,0.4902225
2022-10-06,0.46105028056269654,0.53280956
2022-10-07,0.33417080620151357,0.5295175
2022-10-10,0.30092157852484896,0.44337144
2022-10-11,0.2659817470787765,0.37171707
2022-10-12,0.2632413970022625,0.32323477
2022-10-13,0.33319112148192637,0.30761668
2022-10-14,0.23439044738910542,0.35072297
2022-10-17,0.3412243595566907,0.32265496
2022-10-18,0.37034378046319627,0.35962176
2022-10-19,0.3426441370214051,0.4018135
2022-10-20,0.3228485004068125,0.40449888
2022-10-21,0.3966654478916499,0.38584715
2022-10-24,0.4246665327856216,0.41663507
2022-10-25,0.49897479451234333,0.45568746
2022-10-26,0.4302069913515325,0.518664
2022-10-27,0.3764538573982183,0.5076599
2022-10-28,0.4698344728801494,0.45765445
2022-10-31,0.4353797737711801,0.48332566
2022-11-01,0.40604928497286447,0.4876312
2022-11-02,0.29570670027740664,0.4700631
2022-11-03,0.24088674618473407,0.39369115
2022-11-04,0.2807703351971372,0.3187602
2022-11-07,0.3076798723326267,0.31027448
2022-11-08,0.32325856675728903,0.33639142
2022-11-09,0.24397033916480496,0.36475733
2022-11-10,0.47336139674594707,0.330711
2022-11-11,0.5364168255126501,0.43799332
2022-11-14,0.498100496550452,0.54489684
2022-11-15,0.5469914152052621,0.56662285
2022-11-16,0.4943145214366863,0.5874059
2022-11-17,0.4826486783620101,0.5627446
2022-11-18,0.48298014620884155,0.5381881
2022-11-21,0.44633999657156265,0.52874297
2022-11-22,0.4915261880040152,0.50739086
2022-11-23,0.5249591065656022,0.52470076
2022-11-25,0.5071861303200853,0.5587812
2022-11-28,0.4538730891118983,0.565131
2022-11-29,0.43406243929998023,0.53039074
2022-11-30,0.580026336849517,0.49601668
2022-12-01,0.5843822247088116,0.56900907
2022-12-02,0.5780669674103425,0.62186575
2022-12-05,0.5112797287908127,0.6370119
2022-12-06,0.443440094476414,0.59522915
2022-12-07,0.4264569301607807,0.52670527
2022-12-08,0.4636699363077704,0.48298842
2022-12-09,0.4403444320631991,0.4926456
2022-12-12,0.4822810022157468,0.49450794
2022-12-13,0.5163647870378532,0.5200656
2022-12-14,0.4904649610166015,0.554229
2022-12-15,0.3818377077096756,0.55349565
2022-12-16,0.3501501469312716,0.48165676
2022-12-19,0.30210644360788336,0.4193416
2022-12-20,0.302432023926352,0.36652687
2022-12-21,0.3513438433068504,0.3484126
2022-12-22,0.2810326245857045,0.37777352
2022-12-23,0.2875860324064529,0.35848817
2022-12-27,0.24398859050273014,0.34505823
2022-12-28,0.20180474415894023,0.31297573
2022-12-29,0.28162638182110333,0.2704245
2022-12-30,0.278126834962193,0.29730955
2023-01-03,0.25416223951382816,0.32010305
2023-01-04,0.275799495000337,0.31649956
2023-01-05,0.22952234456223836,0.32178682
2023-01-06,0.3091179011352659,0.29762945
2023-01-09,0.3291216618774871,0.32798308
2023-01-10,0.3613697153560396,0.36235815
2023-01-11,0.41835421925133387,0.39746773
2023-01-12,0.4392832050757854,0.4453422
2023-01-13,0.46281388968380427,0.47936076
2023-01-17,0.4676219397213701,0.5043573
2023-01-18,0.4259926985493659,0.51519823
2023-01-19,0.39441965019762,0.49234095
2023-01-20,0.4812830661582344,0.45828235
2023-01-23,0.5488000639183463,0.49401835
2023-01-24,0.5397144301487126,0.5628844
2023-01-25,0.5334115366598057,0.59251714
2023-01-26,0.593413398841088,0.5930923
2023-01-27,0.626360890689154,0.6224009
2023-01-30,0.5576622659866077,0.65863407
2023-01-31,0.615159279225893,0.63374776
2023-02-01,0.6850245176735484,0.6476868
2023-02-02,0.8009287560370242,0.70241404
2023-02-03,0.7424882663775835,0.8028317
2023-02-06,0.706466012841991,0.8141735
2023-02-07,0.7746942240283413,0.7810847
2023-02-08,0.7134200669678351,0.8000178
2023-02-09,0.6769639025918966,0.7796317
2023-02-10,0.6554229081941212,0.7443124
2023-02-13,0.7077742216442283,0.71512604
2023-02-14,0.7283808652908105,0.7374694
2023-02-15,0.761671894418852,0.7684111
2023-02-16,0.6969343987988672,0.80220675
2023-02-17,0.6762674079865651,0.77587336
2023-02-21,0.587351305262224,0.7419893
2023-02-22,0.5918037485866702,0.6728269
2023-02-23,0.6169228883470007,0.642379
2023-02-24,0.5580031538788196,0.653307
2023-02-27,0.5797190078689731,0.63137805
2023-02-28,0.5762703881304022,0.63022643
2023-03-01,0.553342880803163,0.6300788
2023-03-02,0.5785132420602507,0.61607796
2023-03-03,0.6466478415456309,0.62243265
2023-03-06,0.6426478547758736,0.6693681
2023-03-07,0.5988152061140527,0.69324434
2023-03-08,0.6125820136850315,0.67241484
2023-03-09,0.5409443348237231,0.6636188
2023-03-10,0.48081883454681956,0.61877453
2023-03-13,0.4958758939585287,0.5590623
2023-03-14,0.5680140127306837,0.54128486
2023-03-15,0.5697923406726987,0.58590037
2023-03-16,0.6551697444745164,0.61724055
2023-03-17,0.6290135165930607,0.6785291
2023-03-20,0.6425875076101538,0.69085425
2023-03-21,0.6982246506395976,0.69447875
2023-03-22,0.6409054407568725,0.7266216
2023-03-23,0.6763068544265965,0.7101369
2023-03-24,0.6873274243926986,0.71746564
2023-03-27,0.6707119362233288,0.73132753
2023-03-28,0.6548079558566157,0.72880447
2023-03-29,0.7181589385471367,0.7152318
2023-03-30,0.7444535233451208,0.7457604
2023-03-31,0.8072861091632876,0.7813828
2023-04-03,0.7975013314005591,0.8346541
2023-04-04,0.7784743116137437,0.8518697
2023-04-05,0.7394467692253072,0.84104884
2023-04-06,0.7669079677684005,0.8077673
2023-04-10,0.7658228962911173,0.80726355
2023-04-11,0.7500031075799943,0.8129893
2023-04-12,0.7190932892983297,0.80795836
2023-04-13,0.7905137183630465,0.78554726
2023-04-14,0.7776120830849969,0.81679595
2023-04-17,0.7879364528221855,0.82999647
2023-04-18,0.7866373696889104,0.8388539
2023-04-19,0.7877889702366945,0.84020334
2023-04-20,0.7583469127759018,0.8401055
2023-04-21,0.7622356252595999,0.82197875
2023-04-24,0.7516068703060492,0.8141682
2023-04-25,0.6798517352539012,0.8065593
2023-04-26,0.6964881241489593,0.76068807
2023-04-27,0.7832702922181656,0.7462078
2023-04-28,0.808693817194858,0.79845244
2023-05-01,0.8044795243926913,0.84637845
2023-05-02,0.764662170074371,0.8616826
2023-05-03,0.7480287249434943,0.83743834
2023-05-04,0.7302648743669401,0.80989933
2023-05-05,0.8113555687677273,0.78722167
2023-05-08,0.8178395037537933,0.8293327
2023-05-09,0.794516943273403,0.8620463
2023-05-10,0.8327670375415185,0.8597745
2023-05-11,0.8394196502151821,0.87537056
2023-05-12,0.8262256991539141,0.88775545
2023-05-15,0.8504826103854969,0.8841267
2023-05-16,0.8438026207049463,0.89466923
2023-05-17,0.8912858313281856,0.89745206
2023-05-18,0.9480380722295635,0.9267587
2023-05-19,0.9387116385498874,0.9774444
2023-05-22,0.9576662417378389,0.9952041
2023-05-23,0.9092757629938758,1.0079972
2023-05-24,0.886339129997674,0.98211014
2023-05-25,0.9508264056622346,0.9516838
2023-05-26,1.0345067294134456,0.9785047
2023-05-30,1.0470886719013894,1.0508881
2023-05-31,1.0223283769947784,1.0946301
2023-06-01,1.0722743407322206,1.0913342
2023-06-02,1.114412558731198,1.1120341
2023-06-05,1.1109942597636955,1.1492386
2023-06-06,1.1251590642520066,1.1644366
2023-06-07,1.0734559676746556,1.1757706
2023-06-08,1.113734315463791,1.148202
2023-06-09,1.1199500735329273,1.1565616
2023-06-12,1.1810764536315244,1.1694154
2023-06-13,1.2146571491550209,1.213164
2023-06-14,1.2306818238531732,1.255089
2023-06-15,1.277809133386875,1.2803037
2023-06-16,1.249699717971026,1.3155613
2023-06-20,1.2429835199910428,1.3128253
2023-06-21,1.19321859775076,1.3021288
2023-06-22,1.2319267417255093,1.266699
2023-06-23,1.1903004443176868,1.2739897
2023-06-26,1.1430527348289632,1.2584535
2023-06-27,1.2093365897734645,1.2208868
2023-06-28,1.2202126209182569,1.2436104
2023-06-29,1.2200860390584547,1.2683009
2023-06-30,1.2793463670424294,1.2778857
2023-07-03,1.288042835187275,1.3148167
2023-07-05,1.2804708849597444,1.3377832
2023-07-06,1.2465254570541662,1.3395327
2023-07-07,1.2410029554497621,1.3159486
2023-07-10,1.2484668695318337,1.3000084
2023-07-11,1.2711412131394682,1.3001956
2023-07-12,1.3188472667112439,1.3172385
2023-07-13,1.3850469300001558,1.3556279
2023-07-14,1.377550045759252,1.4134432
2023-07-17,1.4171142363579674,1.4325125
2023-07-18,1.4498777429446925,1.4574797
2023-07-19,1.451198021180074,1.4870906
2023-07-20,1.3623602225829594,1.4996628
2023-07-21,1.3531662582914483,1.4481201
2023-07-24,1.3610219873860712,1.4145372
2023-07-25,1.38685234057264,1.4100955
2023-07-26,1.3816436442299789,1.4295691
2023-07-27,1.3583814309153084,1.4373008
2023-07-28,1.438730591118788,1.4240916
2023-07-31,1.4475807237539053,1.4647825
2023-08-01,1.42885838355987,1.492593
2023-08-02,1.33527288209091,1.4893851
2023-08-03,1.3311339496517884,1.4265622
2023-08-04,1.3159173382214446,1.3920449
2023-08-07,1.341588139389379,1.3745058
2023-08-08,1.3084054407832153,1.3871806
2023-08-09,1.2594812575931549,1.3763387
2023-08-10,1.2642954895355019,1.3389018
2023-08-11,1.2362190442784844,1.3231503
2023-08-14,1.2794700051380505,1.3029866
2023-08-15,1.2320592111136748,1.3213391
2023-08-16,1.1849077627136848,1.3050231
2023-08-17,1.1373703868295064,1.2649705
2023-08-18,1.129487869480832,1.2165608
2023-08-21,1.1918288466806968,1.1918811
2023-08-22,1.1943248643301496,1.2247442
2023-08-23,1.2591830542815736,1.2479545
2023-08-24,1.1816943497332113,1.2947142
2023-08-25,1.2198811530714253,1.267476
2023-08-28,1.2543900174413334,1.2686155
2023-08-29,1.3263229558500416,1.2938216
2023-08-30,1.349096798687009,1.3517184
2023-08-31,1.3538174189283851,1.3921157
2023-09-01,1.3528648168392674,1.4072317
2023-09-05,1.3495913510694926,1.4081311
2023-09-06,1.3048331829490232,1.4042319
2023-09-07,1.2675630677769136,1.3749828
2023-09-08,1.2713914330948919,1.3380773
2023-09-11,1.3185246301569566,1.326055
2023-09-12,1.2750328693873476,1.3549769
2023-09-13,1.2870843455697945,1.345608
2023-09-14,1.320984439506978,1.3435692
2023-09-15,1.2553546889635954,1.3640258
2023-09-18,1.2559304892374874,1.3348299
2023-09-19,1.24626934957038,1.3165855
2023-09-20,1.1832498347266909,1.3053019
2023-09-21,1.1093516393504455,1.2642212
2023-09-22,1.105682826051102,1.1991584
2023-09-25,1.1236218305964523,1.1682011
2023-09-26,1.0610094383390583,1.1730545
2023-09-27,1.0698233626747438,1.142634
2023-09-28,1.1025088595106602,1.1304951
2023-09-29,1.1079468750830563,1.1479956
2023-10-02,1.134609136027304,1.162574
2023-10-03,1.0597612823261224,1.1835349
2023-10-04,1.112977768069158,1.1461982
2023-10-05,1.1081005395733283,1.1549646
2023-10-06,1.1718583504737254,1.162331
2023-10-09,1.1878047210446514,1.204647
2023-10-10,1.2114979014354865,1.2356746
2023-10-11,1.2406894445644376,1.2600831
2023-10-12,1.2149282698361326,1.2855431
2023-10-13,1.1645907854625568,1.2792131
2023-10-16,1.2130474989006026,1.2411964
2023-10-17,1.202729016691777,1.2517183
2023-10-18,1.1365776311354407,1.2576519
2023-10-19,1.0979569169568806,1.2195985
2023-10-20,1.0369541749539044,1.1746202
2023-10-23,1.0473600869589195,1.1188858
2023-10-24,1.083997292832017,1.1023326
2023-10-25,0.9879428563440729,1.1250288
2023-10-26,0.9199348387184952,1.0817215
2023-10-27,0.9342229869260089,1.0127608
2023-10-30,0.978375328377936,0.98910123
2023-10-31,0.9969922818142748,1.01449
2023-11-01,1.060364165230484,1.0443478
2023-11-02,1.1305158319329949,1.0952176
2023-11-03,1.1860081417647113,1.1602533
2023-11-06,1.198216520578029,1.2203243
2023-11-07,1.2347150751581804,1.2486969
2023-11-08,1.2378952236034033,1.2762858
2023-11-09,1.1990213457052383,1.2885199
2023-11-10,1.2824181849657745,1.2676272
2023-11-13,1.273263372737877,1.3063467
2023-11-14,1.371726102702667,1.3250066
2023-11-15,1.37457772706524,1.389987
2023-11-16,1.3775409200902893,1.4222012
2023-11-17,1.3811011084913376,1.4310601
2023-11-20,1.4290453125853926,1.4326527
2023-11-21,1.4035584966787988,1.4617183
2023-11-22,1.4234174242232926,1.4614035
2023-11-24,1.4188925642999826,1.4697722
2023-11-27,1.415929371274933,1.4716263
2023-11-28,1.4282101666871143,1.4699829
2023-11-29,1.421195765395551,1.4764024
2023-11-30,1.4114680966579425,1.47577
2023-12-01,1.4352248623550965,1.4687444
2023-12-04,1.3991905393863604,1.4797828
2023-12-05,1.412580545142113,1.4646062
2023-12-06,1.3875005574453958,1.4635389
2023-12-07,1.4457632437482768,1.4498749
2023-12-08,1.46504931478306,1.4788431
2023-12-11,1.4736465780749906,1.5072939
2023-12-12,1.504065082114771,1.5227581
2023-12-13,1.5645220502385062,1.5446177
2023-12-14,1.572841716568126,1.5900156
2023-12-15,1.5886252969798174,1.6145389
2023-12-18,1.6160232045930099,1.629932
2023-12-19,1.6456881050023384,1.6507909
2023-12-20,1.5777795866060937,1.6772451
2023-12-21,1.6338265016095954,1.6466663
2023-12-22,1.6425983301174865,1.6620914
2023-12-26,1.6671961292412816,1.6795568
2023-12-27,1.674614414978541,1.7014369
2023-12-28,1.6733965797366739,1.7141452
2023-12-29,1.648138788683397,1.7167407
